description,PI,V,T,parameters
"new-kla, Monte Carlo, explore, W=2",1.000000,-0.239878,0.000000,"{ N=30, M=90, T=4, v_basis=1a, W=2, explore=1, bootstrap=0 }"
"new-kla, Monte Carlo, explore, W=2",1.000000,0.019087,0.000000,"{ N=30, M=90, T=4, v_basis=1a, W=2, explore=1, bootstrap=0 }"
"new-kla, Monte Carlo, explore, W=2",1.000000,0.003436,0.000000,"{ N=30, M=90, T=4, v_basis=1a, W=2, explore=1, bootstrap=0 }"
"new-kla, Monte Carlo, explore, W=2",1.000000,0.088516,0.000000,"{ N=30, M=90, T=4, v_basis=1a, W=2, explore=1, bootstrap=0 }"
"new-kla, Monte Carlo, explore, W=2",2.000000,0.029668,0.411873,"{ N=30, M=90, T=4, v_basis=1a, W=2, explore=1, bootstrap=0 }"
"new-kla, Monte Carlo, explore, W=2",2.000000,0.046719,0.345217,"{ N=30, M=90, T=4, v_basis=1a, W=2, explore=1, bootstrap=0 }"
"new-kla, Monte Carlo, explore, W=2",2.000000,0.096097,0.392587,"{ N=30, M=90, T=4, v_basis=1a, W=2, explore=1, bootstrap=0 }"
"new-kla, Monte Carlo, explore, W=2",2.000000,0.343335,0.343803,"{ N=30, M=90, T=4, v_basis=1a, W=2, explore=1, bootstrap=0 }"
"new-kla, Monte Carlo, explore, W=2",3.000000,0.018362,1.106899,"{ N=30, M=90, T=4, v_basis=1a, W=2, explore=1, bootstrap=0 }"
"new-kla, Monte Carlo, explore, W=2",3.000000,0.152811,1.022521,"{ N=30, M=90, T=4, v_basis=1a, W=2, explore=1, bootstrap=0 }"
"new-kla, Monte Carlo, explore, W=2",3.000000,0.569437,1.048462,"{ N=30, M=90, T=4, v_basis=1a, W=2, explore=1, bootstrap=0 }"
"new-kla, Monte Carlo, explore, W=2",3.000000,0.769797,1.030098,"{ N=30, M=90, T=4, v_basis=1a, W=2, explore=1, bootstrap=0 }"
"new-kla, Monte Carlo, explore, W=2",4.000000,0.058842,1.825298,"{ N=30, M=90, T=4, v_basis=1a, W=2, explore=1, bootstrap=0 }"
"new-kla, Monte Carlo, explore, W=2",4.000000,0.439951,1.697949,"{ N=30, M=90, T=4, v_basis=1a, W=2, explore=1, bootstrap=0 }"
"new-kla, Monte Carlo, explore, W=2",4.000000,0.828928,1.733707,"{ N=30, M=90, T=4, v_basis=1a, W=2, explore=1, bootstrap=0 }"
"new-kla, Monte Carlo, explore, W=2",4.000000,0.914509,1.685955,"{ N=30, M=90, T=4, v_basis=1a, W=2, explore=1, bootstrap=0 }"
"new-kla, Monte Carlo, explore, W=2",5.000000,0.020997,2.527232,"{ N=30, M=90, T=4, v_basis=1a, W=2, explore=1, bootstrap=0 }"
"new-kla, Monte Carlo, explore, W=2",5.000000,0.550369,2.451593,"{ N=30, M=90, T=4, v_basis=1a, W=2, explore=1, bootstrap=0 }"
"new-kla, Monte Carlo, explore, W=2",5.000000,0.891111,2.450237,"{ N=30, M=90, T=4, v_basis=1a, W=2, explore=1, bootstrap=0 }"
"new-kla, Monte Carlo, explore, W=2",5.000000,1.103362,2.399665,"{ N=30, M=90, T=4, v_basis=1a, W=2, explore=1, bootstrap=0 }"
"new-kla, Monte Carlo, explore, W=2",6.000000,-0.005055,3.223459,"{ N=30, M=90, T=4, v_basis=1a, W=2, explore=1, bootstrap=0 }"
"new-kla, Monte Carlo, explore, W=2",6.000000,0.746392,3.219856,"{ N=30, M=90, T=4, v_basis=1a, W=2, explore=1, bootstrap=0 }"
"new-kla, Monte Carlo, explore, W=2",6.000000,0.938137,3.150138,"{ N=30, M=90, T=4, v_basis=1a, W=2, explore=1, bootstrap=0 }"
"new-kla, Monte Carlo, explore, W=2",6.000000,0.824759,3.069573,"{ N=30, M=90, T=4, v_basis=1a, W=2, explore=1, bootstrap=0 }"
"new-kla, Monte Carlo, explore, W=2",7.000000,0.079913,3.896964,"{ N=30, M=90, T=4, v_basis=1a, W=2, explore=1, bootstrap=0 }"
"new-kla, Monte Carlo, explore, W=2",7.000000,0.673272,3.971944,"{ N=30, M=90, T=4, v_basis=1a, W=2, explore=1, bootstrap=0 }"
"new-kla, Monte Carlo, explore, W=2",7.000000,0.773321,3.857018,"{ N=30, M=90, T=4, v_basis=1a, W=2, explore=1, bootstrap=0 }"
"new-kla, Monte Carlo, explore, W=2",7.000000,0.822718,3.746464,"{ N=30, M=90, T=4, v_basis=1a, W=2, explore=1, bootstrap=0 }"
"new-kla, Monte Carlo, explore, W=2",8.000000,0.008709,4.551580,"{ N=30, M=90, T=4, v_basis=1a, W=2, explore=1, bootstrap=0 }"
"new-kla, Monte Carlo, explore, W=2",8.000000,0.776412,4.816099,"{ N=30, M=90, T=4, v_basis=1a, W=2, explore=1, bootstrap=0 }"
"new-kla, Monte Carlo, explore, W=2",8.000000,0.812016,4.668535,"{ N=30, M=90, T=4, v_basis=1a, W=2, explore=1, bootstrap=0 }"
"new-kla, Monte Carlo, explore, W=2",8.000000,0.917039,4.490963,"{ N=30, M=90, T=4, v_basis=1a, W=2, explore=1, bootstrap=0 }"
"new-kla, Monte Carlo, explore, W=2",9.000000,0.082662,5.202597,"{ N=30, M=90, T=4, v_basis=1a, W=2, explore=1, bootstrap=0 }"
"new-kla, Monte Carlo, explore, W=2",9.000000,0.626277,5.545407,"{ N=30, M=90, T=4, v_basis=1a, W=2, explore=1, bootstrap=0 }"
"new-kla, Monte Carlo, explore, W=2",9.000000,0.699656,5.422663,"{ N=30, M=90, T=4, v_basis=1a, W=2, explore=1, bootstrap=0 }"
"new-kla, Monte Carlo, explore, W=2",9.000000,1.239599,5.237796,"{ N=30, M=90, T=4, v_basis=1a, W=2, explore=1, bootstrap=0 }"
"new-kla, Monte Carlo, explore, W=2",10.000000,0.037112,5.799134,"{ N=30, M=90, T=4, v_basis=1a, W=2, explore=1, bootstrap=0 }"
"new-kla, Monte Carlo, explore, W=2",10.000000,0.519375,6.342000,"{ N=30, M=90, T=4, v_basis=1a, W=2, explore=1, bootstrap=0 }"
"new-kla, Monte Carlo, explore, W=2",10.000000,0.942261,6.255568,"{ N=30, M=90, T=4, v_basis=1a, W=2, explore=1, bootstrap=0 }"
"new-kla, Monte Carlo, explore, W=2",10.000000,1.137811,5.965418,"{ N=30, M=90, T=4, v_basis=1a, W=2, explore=1, bootstrap=0 }"
"new-kla, Monte Carlo, explore, W=2",11.000000,0.106463,6.414078,"{ N=30, M=90, T=4, v_basis=1a, W=2, explore=1, bootstrap=0 }"
"new-kla, Monte Carlo, explore, W=2",11.000000,0.690986,7.178395,"{ N=30, M=90, T=4, v_basis=1a, W=2, explore=1, bootstrap=0 }"
"new-kla, Monte Carlo, explore, W=2",11.000000,0.833315,7.043903,"{ N=30, M=90, T=4, v_basis=1a, W=2, explore=1, bootstrap=0 }"
"new-kla, Monte Carlo, explore, W=2",11.000000,1.204285,6.705662,"{ N=30, M=90, T=4, v_basis=1a, W=2, explore=1, bootstrap=0 }"
"new-kla, Monte Carlo, explore, W=2",12.000000,0.018177,7.103126,"{ N=30, M=90, T=4, v_basis=1a, W=2, explore=1, bootstrap=0 }"
"new-kla, Monte Carlo, explore, W=2",12.000000,0.507106,8.017273,"{ N=30, M=90, T=4, v_basis=1a, W=2, explore=1, bootstrap=0 }"
"new-kla, Monte Carlo, explore, W=2",12.000000,1.015094,7.842044,"{ N=30, M=90, T=4, v_basis=1a, W=2, explore=1, bootstrap=0 }"
"new-kla, Monte Carlo, explore, W=2",12.000000,0.996476,7.513135,"{ N=30, M=90, T=4, v_basis=1a, W=2, explore=1, bootstrap=0 }"
"new-kla, Monte Carlo, explore, W=2",13.000000,0.019570,7.793665,"{ N=30, M=90, T=4, v_basis=1a, W=2, explore=1, bootstrap=0 }"
"new-kla, Monte Carlo, explore, W=2",13.000000,0.776131,8.862736,"{ N=30, M=90, T=4, v_basis=1a, W=2, explore=1, bootstrap=0 }"
"new-kla, Monte Carlo, explore, W=2",13.000000,1.127097,8.661000,"{ N=30, M=90, T=4, v_basis=1a, W=2, explore=1, bootstrap=0 }"
"new-kla, Monte Carlo, explore, W=2",13.000000,1.197890,8.288040,"{ N=30, M=90, T=4, v_basis=1a, W=2, explore=1, bootstrap=0 }"
"new-kla, Monte Carlo, explore, W=2",14.000000,0.142469,8.507739,"{ N=30, M=90, T=4, v_basis=1a, W=2, explore=1, bootstrap=0 }"
"new-kla, Monte Carlo, explore, W=2",14.000000,0.772277,9.745198,"{ N=30, M=90, T=4, v_basis=1a, W=2, explore=1, bootstrap=0 }"
"new-kla, Monte Carlo, explore, W=2",14.000000,1.096075,9.526253,"{ N=30, M=90, T=4, v_basis=1a, W=2, explore=1, bootstrap=0 }"
"new-kla, Monte Carlo, explore, W=2",14.000000,1.035264,9.073622,"{ N=30, M=90, T=4, v_basis=1a, W=2, explore=1, bootstrap=0 }"
"new-kla, Monte Carlo, explore, W=2",15.000000,0.032832,9.158413,"{ N=30, M=90, T=4, v_basis=1a, W=2, explore=1, bootstrap=0 }"
"new-kla, Monte Carlo, explore, W=2",15.000000,0.696295,10.672918,"{ N=30, M=90, T=4, v_basis=1a, W=2, explore=1, bootstrap=0 }"
"new-kla, Monte Carlo, explore, W=2",15.000000,1.336851,10.369036,"{ N=30, M=90, T=4, v_basis=1a, W=2, explore=1, bootstrap=0 }"
"new-kla, Monte Carlo, explore, W=2",15.000000,1.126452,9.937907,"{ N=30, M=90, T=4, v_basis=1a, W=2, explore=1, bootstrap=0 }"
"new-kla, Monte Carlo, explore, W=2",16.000000,0.053793,9.804296,"{ N=30, M=90, T=4, v_basis=1a, W=2, explore=1, bootstrap=0 }"
"new-kla, Monte Carlo, explore, W=2",16.000000,0.596005,11.619584,"{ N=30, M=90, T=4, v_basis=1a, W=2, explore=1, bootstrap=0 }"
"new-kla, Monte Carlo, explore, W=2",16.000000,1.304126,11.274086,"{ N=30, M=90, T=4, v_basis=1a, W=2, explore=1, bootstrap=0 }"
"new-kla, Monte Carlo, explore, W=2",16.000000,1.117873,10.781480,"{ N=30, M=90, T=4, v_basis=1a, W=2, explore=1, bootstrap=0 }"
"new-kla, Monte Carlo, explore, W=2",17.000000,-0.003522,10.466478,"{ N=30, M=90, T=4, v_basis=1a, W=2, explore=1, bootstrap=0 }"
"new-kla, Monte Carlo, explore, W=2",17.000000,0.521100,12.561577,"{ N=30, M=90, T=4, v_basis=1a, W=2, explore=1, bootstrap=0 }"
"new-kla, Monte Carlo, explore, W=2",17.000000,1.153076,12.201384,"{ N=30, M=90, T=4, v_basis=1a, W=2, explore=1, bootstrap=0 }"
"new-kla, Monte Carlo, explore, W=2",17.000000,1.438950,11.599487,"{ N=30, M=90, T=4, v_basis=1a, W=2, explore=1, bootstrap=0 }"
"new-kla, Monte Carlo, explore, W=2",18.000000,0.134545,11.099728,"{ N=30, M=90, T=4, v_basis=1a, W=2, explore=1, bootstrap=0 }"
"new-kla, Monte Carlo, explore, W=2",18.000000,0.684194,13.573222,"{ N=30, M=90, T=4, v_basis=1a, W=2, explore=1, bootstrap=0 }"
"new-kla, Monte Carlo, explore, W=2",18.000000,1.397952,13.149413,"{ N=30, M=90, T=4, v_basis=1a, W=2, explore=1, bootstrap=0 }"
"new-kla, Monte Carlo, explore, W=2",18.000000,1.091711,12.465563,"{ N=30, M=90, T=4, v_basis=1a, W=2, explore=1, bootstrap=0 }"
"new-kla, Monte Carlo, explore, W=2",19.000000,0.079621,11.751195,"{ N=30, M=90, T=4, v_basis=1a, W=2, explore=1, bootstrap=0 }"
"new-kla, Monte Carlo, explore, W=2",19.000000,0.674233,14.509458,"{ N=30, M=90, T=4, v_basis=1a, W=2, explore=1, bootstrap=0 }"
"new-kla, Monte Carlo, explore, W=2",19.000000,1.026650,14.168380,"{ N=30, M=90, T=4, v_basis=1a, W=2, explore=1, bootstrap=0 }"
"new-kla, Monte Carlo, explore, W=2",19.000000,1.183984,13.404105,"{ N=30, M=90, T=4, v_basis=1a, W=2, explore=1, bootstrap=0 }"
"new-kla, Monte Carlo, explore, W=2",20.000000,0.206268,12.471376,"{ N=30, M=90, T=4, v_basis=1a, W=2, explore=1, bootstrap=0 }"
"new-kla, Monte Carlo, explore, W=2",20.000000,0.650267,15.478420,"{ N=30, M=90, T=4, v_basis=1a, W=2, explore=1, bootstrap=0 }"
"new-kla, Monte Carlo, explore, W=2",20.000000,1.191556,15.164289,"{ N=30, M=90, T=4, v_basis=1a, W=2, explore=1, bootstrap=0 }"
"new-kla, Monte Carlo, explore, W=2",20.000000,1.267496,14.267655,"{ N=30, M=90, T=4, v_basis=1a, W=2, explore=1, bootstrap=0 }"
"new-kla, Monte Carlo, explore, W=2",21.000000,0.269066,13.201892,"{ N=30, M=90, T=4, v_basis=1a, W=2, explore=1, bootstrap=0 }"
"new-kla, Monte Carlo, explore, W=2",21.000000,0.692921,16.532892,"{ N=30, M=90, T=4, v_basis=1a, W=2, explore=1, bootstrap=0 }"
"new-kla, Monte Carlo, explore, W=2",21.000000,0.942446,16.082569,"{ N=30, M=90, T=4, v_basis=1a, W=2, explore=1, bootstrap=0 }"
"new-kla, Monte Carlo, explore, W=2",21.000000,1.444775,15.154961,"{ N=30, M=90, T=4, v_basis=1a, W=2, explore=1, bootstrap=0 }"
"new-kla, Monte Carlo, explore, W=2",22.000000,0.173726,13.858218,"{ N=30, M=90, T=4, v_basis=1a, W=2, explore=1, bootstrap=0 }"
"new-kla, Monte Carlo, explore, W=2",22.000000,0.494188,17.525248,"{ N=30, M=90, T=4, v_basis=1a, W=2, explore=1, bootstrap=0 }"
"new-kla, Monte Carlo, explore, W=2",22.000000,0.874054,17.101098,"{ N=30, M=90, T=4, v_basis=1a, W=2, explore=1, bootstrap=0 }"
"new-kla, Monte Carlo, explore, W=2",22.000000,0.808624,16.067237,"{ N=30, M=90, T=4, v_basis=1a, W=2, explore=1, bootstrap=0 }"
"new-kla, Monte Carlo, explore, W=2",23.000000,0.135235,14.545358,"{ N=30, M=90, T=4, v_basis=1a, W=2, explore=1, bootstrap=0 }"
"new-kla, Monte Carlo, explore, W=2",23.000000,0.828562,18.519381,"{ N=30, M=90, T=4, v_basis=1a, W=2, explore=1, bootstrap=0 }"
"new-kla, Monte Carlo, explore, W=2",23.000000,0.986573,18.099287,"{ N=30, M=90, T=4, v_basis=1a, W=2, explore=1, bootstrap=0 }"
"new-kla, Monte Carlo, explore, W=2",23.000000,1.292155,17.024984,"{ N=30, M=90, T=4, v_basis=1a, W=2, explore=1, bootstrap=0 }"
"new-kla, Monte Carlo, explore, W=2",24.000000,0.243792,15.301415,"{ N=30, M=90, T=4, v_basis=1a, W=2, explore=1, bootstrap=0 }"
"new-kla, Monte Carlo, explore, W=2",24.000000,0.636167,19.640006,"{ N=30, M=90, T=4, v_basis=1a, W=2, explore=1, bootstrap=0 }"
"new-kla, Monte Carlo, explore, W=2",24.000000,1.010992,19.188542,"{ N=30, M=90, T=4, v_basis=1a, W=2, explore=1, bootstrap=0 }"
"new-kla, Monte Carlo, explore, W=2",24.000000,1.578242,17.936426,"{ N=30, M=90, T=4, v_basis=1a, W=2, explore=1, bootstrap=0 }"
"new-kla, Monte Carlo, explore, W=2",25.000000,0.262058,16.031810,"{ N=30, M=90, T=4, v_basis=1a, W=2, explore=1, bootstrap=0 }"
"new-kla, Monte Carlo, explore, W=2",25.000000,0.709185,20.828525,"{ N=30, M=90, T=4, v_basis=1a, W=2, explore=1, bootstrap=0 }"
"new-kla, Monte Carlo, explore, W=2",25.000000,1.071125,20.262243,"{ N=30, M=90, T=4, v_basis=1a, W=2, explore=1, bootstrap=0 }"
"new-kla, Monte Carlo, explore, W=2",25.000000,1.003006,18.951360,"{ N=30, M=90, T=4, v_basis=1a, W=2, explore=1, bootstrap=0 }"
"new-kla, Monte Carlo, explore, W=2",26.000000,0.186161,16.807414,"{ N=30, M=90, T=4, v_basis=1a, W=2, explore=1, bootstrap=0 }"
"new-kla, Monte Carlo, explore, W=2",26.000000,0.748034,21.959179,"{ N=30, M=90, T=4, v_basis=1a, W=2, explore=1, bootstrap=0 }"
"new-kla, Monte Carlo, explore, W=2",26.000000,0.986275,21.373991,"{ N=30, M=90, T=4, v_basis=1a, W=2, explore=1, bootstrap=0 }"
"new-kla, Monte Carlo, explore, W=2",26.000000,1.081561,20.012696,"{ N=30, M=90, T=4, v_basis=1a, W=2, explore=1, bootstrap=0 }"
"new-kla, Monte Carlo, explore, W=2",27.000000,0.240403,17.498559,"{ N=30, M=90, T=4, v_basis=1a, W=2, explore=1, bootstrap=0 }"
"new-kla, Monte Carlo, explore, W=2",27.000000,0.764108,23.153763,"{ N=30, M=90, T=4, v_basis=1a, W=2, explore=1, bootstrap=0 }"
"new-kla, Monte Carlo, explore, W=2",27.000000,0.914455,22.488852,"{ N=30, M=90, T=4, v_basis=1a, W=2, explore=1, bootstrap=0 }"
"new-kla, Monte Carlo, explore, W=2",27.000000,1.191179,21.034549,"{ N=30, M=90, T=4, v_basis=1a, W=2, explore=1, bootstrap=0 }"
"new-kla, Monte Carlo, explore, W=2",28.000000,0.119668,18.161207,"{ N=30, M=90, T=4, v_basis=1a, W=2, explore=1, bootstrap=0 }"
"new-kla, Monte Carlo, explore, W=2",28.000000,0.712594,24.292559,"{ N=30, M=90, T=4, v_basis=1a, W=2, explore=1, bootstrap=0 }"
"new-kla, Monte Carlo, explore, W=2",28.000000,0.933630,23.582135,"{ N=30, M=90, T=4, v_basis=1a, W=2, explore=1, bootstrap=0 }"
"new-kla, Monte Carlo, explore, W=2",28.000000,1.399026,22.058793,"{ N=30, M=90, T=4, v_basis=1a, W=2, explore=1, bootstrap=0 }"
"new-kla, Monte Carlo, explore, W=2",29.000000,0.326120,18.940970,"{ N=30, M=90, T=4, v_basis=1a, W=2, explore=1, bootstrap=0 }"
"new-kla, Monte Carlo, explore, W=2",29.000000,0.698981,25.476377,"{ N=30, M=90, T=4, v_basis=1a, W=2, explore=1, bootstrap=0 }"
"new-kla, Monte Carlo, explore, W=2",29.000000,1.172047,24.630348,"{ N=30, M=90, T=4, v_basis=1a, W=2, explore=1, bootstrap=0 }"
"new-kla, Monte Carlo, explore, W=2",29.000000,1.122252,23.151962,"{ N=30, M=90, T=4, v_basis=1a, W=2, explore=1, bootstrap=0 }"
"new-kla, Monte Carlo, explore, W=2",30.000000,0.412922,19.724762,"{ N=30, M=90, T=4, v_basis=1a, W=2, explore=1, bootstrap=0 }"
"new-kla, Monte Carlo, explore, W=2",30.000000,0.828548,26.705088,"{ N=30, M=90, T=4, v_basis=1a, W=2, explore=1, bootstrap=0 }"
"new-kla, Monte Carlo, explore, W=2",30.000000,1.081094,25.805363,"{ N=30, M=90, T=4, v_basis=1a, W=2, explore=1, bootstrap=0 }"
"new-kla, Monte Carlo, explore, W=2",30.000000,1.417926,24.314162,"{ N=30, M=90, T=4, v_basis=1a, W=2, explore=1, bootstrap=0 }"
"new-kla, Monte Carlo, explore, W=2",1.000000,-0.276983,0.000000,"{ N=30, M=90, T=4, v_basis=1a, W=2, explore=1, bootstrap=0 }"
"new-kla, Monte Carlo, explore, W=2",1.000000,0.409737,0.000000,"{ N=30, M=90, T=4, v_basis=1a, W=2, explore=1, bootstrap=0 }"
"new-kla, Monte Carlo, explore, W=2",1.000000,-0.326137,0.000000,"{ N=30, M=90, T=4, v_basis=1a, W=2, explore=1, bootstrap=0 }"
"new-kla, Monte Carlo, explore, W=2",1.000000,0.082258,0.000000,"{ N=30, M=90, T=4, v_basis=1a, W=2, explore=1, bootstrap=0 }"
"new-kla, Monte Carlo, explore, W=2",2.000000,-0.006023,0.403256,"{ N=30, M=90, T=4, v_basis=1a, W=2, explore=1, bootstrap=0 }"
"new-kla, Monte Carlo, explore, W=2",2.000000,0.981646,0.462688,"{ N=30, M=90, T=4, v_basis=1a, W=2, explore=1, bootstrap=0 }"
"new-kla, Monte Carlo, explore, W=2",2.000000,-0.101354,0.464038,"{ N=30, M=90, T=4, v_basis=1a, W=2, explore=1, bootstrap=0 }"
"new-kla, Monte Carlo, explore, W=2",2.000000,0.226929,0.363034,"{ N=30, M=90, T=4, v_basis=1a, W=2, explore=1, bootstrap=0 }"
"new-kla, Monte Carlo, explore, W=2",3.000000,-0.034801,1.160950,"{ N=30, M=90, T=4, v_basis=1a, W=2, explore=1, bootstrap=0 }"
"new-kla, Monte Carlo, explore, W=2",3.000000,1.954757,1.221925,"{ N=30, M=90, T=4, v_basis=1a, W=2, explore=1, bootstrap=0 }"
"new-kla, Monte Carlo, explore, W=2",3.000000,0.000296,1.175552,"{ N=30, M=90, T=4, v_basis=1a, W=2, explore=1, bootstrap=0 }"
"new-kla, Monte Carlo, explore, W=2",3.000000,0.341953,1.046346,"{ N=30, M=90, T=4, v_basis=1a, W=2, explore=1, bootstrap=0 }"
"new-kla, Monte Carlo, explore, W=2",4.000000,-0.081195,1.913108,"{ N=30, M=90, T=4, v_basis=1a, W=2, explore=1, bootstrap=0 }"
"new-kla, Monte Carlo, explore, W=2",4.000000,2.894180,2.011945,"{ N=30, M=90, T=4, v_basis=1a, W=2, explore=1, bootstrap=0 }"
"new-kla, Monte Carlo, explore, W=2",4.000000,-0.039446,1.882108,"{ N=30, M=90, T=4, v_basis=1a, W=2, explore=1, bootstrap=0 }"
"new-kla, Monte Carlo, explore, W=2",4.000000,0.463360,1.802685,"{ N=30, M=90, T=4, v_basis=1a, W=2, explore=1, bootstrap=0 }"
"new-kla, Monte Carlo, explore, W=2",5.000000,-0.088029,2.616474,"{ N=30, M=90, T=4, v_basis=1a, W=2, explore=1, bootstrap=0 }"
"new-kla, Monte Carlo, explore, W=2",5.000000,2.373366,2.819718,"{ N=30, M=90, T=4, v_basis=1a, W=2, explore=1, bootstrap=0 }"
"new-kla, Monte Carlo, explore, W=2",5.000000,0.012737,2.600665,"{ N=30, M=90, T=4, v_basis=1a, W=2, explore=1, bootstrap=0 }"
"new-kla, Monte Carlo, explore, W=2",5.000000,0.745149,2.552328,"{ N=30, M=90, T=4, v_basis=1a, W=2, explore=1, bootstrap=0 }"
"new-kla, Monte Carlo, explore, W=2",6.000000,-0.047298,3.335478,"{ N=30, M=90, T=4, v_basis=1a, W=2, explore=1, bootstrap=0 }"
"new-kla, Monte Carlo, explore, W=2",6.000000,2.957254,3.620718,"{ N=30, M=90, T=4, v_basis=1a, W=2, explore=1, bootstrap=0 }"
"new-kla, Monte Carlo, explore, W=2",6.000000,-0.144012,3.347218,"{ N=30, M=90, T=4, v_basis=1a, W=2, explore=1, bootstrap=0 }"
"new-kla, Monte Carlo, explore, W=2",6.000000,0.520028,3.313632,"{ N=30, M=90, T=4, v_basis=1a, W=2, explore=1, bootstrap=0 }"
"new-kla, Monte Carlo, explore, W=2",7.000000,-0.082113,4.015626,"{ N=30, M=90, T=4, v_basis=1a, W=2, explore=1, bootstrap=0 }"
"new-kla, Monte Carlo, explore, W=2",7.000000,2.784350,4.451697,"{ N=30, M=90, T=4, v_basis=1a, W=2, explore=1, bootstrap=0 }"
"new-kla, Monte Carlo, explore, W=2",7.000000,-0.139688,4.072000,"{ N=30, M=90, T=4, v_basis=1a, W=2, explore=1, bootstrap=0 }"
"new-kla, Monte Carlo, explore, W=2",7.000000,0.680461,4.104842,"{ N=30, M=90, T=4, v_basis=1a, W=2, explore=1, bootstrap=0 }"
"new-kla, Monte Carlo, explore, W=2",8.000000,-0.038956,4.748138,"{ N=30, M=90, T=4, v_basis=1a, W=2, explore=1, bootstrap=0 }"
"new-kla, Monte Carlo, explore, W=2",8.000000,2.643925,5.303380,"{ N=30, M=90, T=4, v_basis=1a, W=2, explore=1, bootstrap=0 }"
"new-kla, Monte Carlo, explore, W=2",8.000000,-0.141388,4.770944,"{ N=30, M=90, T=4, v_basis=1a, W=2, explore=1, bootstrap=0 }"
"new-kla, Monte Carlo, explore, W=2",8.000000,0.549767,4.902463,"{ N=30, M=90, T=4, v_basis=1a, W=2, explore=1, bootstrap=0 }"
"new-kla, Monte Carlo, explore, W=2",9.000000,-0.099556,5.440677,"{ N=30, M=90, T=4, v_basis=1a, W=2, explore=1, bootstrap=0 }"
"new-kla, Monte Carlo, explore, W=2",9.000000,2.745561,6.200521,"{ N=30, M=90, T=4, v_basis=1a, W=2, explore=1, bootstrap=0 }"
"new-kla, Monte Carlo, explore, W=2",9.000000,-0.142013,5.461916,"{ N=30, M=90, T=4, v_basis=1a, W=2, explore=1, bootstrap=0 }"
"new-kla, Monte Carlo, explore, W=2",9.000000,0.632621,5.718914,"{ N=30, M=90, T=4, v_basis=1a, W=2, explore=1, bootstrap=0 }"
"new-kla, Monte Carlo, explore, W=2",10.000000,-0.047313,6.149677,"{ N=30, M=90, T=4, v_basis=1a, W=2, explore=1, bootstrap=0 }"
"new-kla, Monte Carlo, explore, W=2",10.000000,2.509014,7.128214,"{ N=30, M=90, T=4, v_basis=1a, W=2, explore=1, bootstrap=0 }"
"new-kla, Monte Carlo, explore, W=2",10.000000,-0.028804,6.135693,"{ N=30, M=90, T=4, v_basis=1a, W=2, explore=1, bootstrap=0 }"
"new-kla, Monte Carlo, explore, W=2",10.000000,0.773471,6.490780,"{ N=30, M=90, T=4, v_basis=1a, W=2, explore=1, bootstrap=0 }"
"new-kla, Monte Carlo, explore, W=2",11.000000,-0.024699,6.784815,"{ N=30, M=90, T=4, v_basis=1a, W=2, explore=1, bootstrap=0 }"
"new-kla, Monte Carlo, explore, W=2",11.000000,2.881077,8.091951,"{ N=30, M=90, T=4, v_basis=1a, W=2, explore=1, bootstrap=0 }"
"new-kla, Monte Carlo, explore, W=2",11.000000,-0.071750,6.807284,"{ N=30, M=90, T=4, v_basis=1a, W=2, explore=1, bootstrap=0 }"
"new-kla, Monte Carlo, explore, W=2",11.000000,0.619925,7.392524,"{ N=30, M=90, T=4, v_basis=1a, W=2, explore=1, bootstrap=0 }"
"new-kla, Monte Carlo, explore, W=2",12.000000,-0.043908,7.499254,"{ N=30, M=90, T=4, v_basis=1a, W=2, explore=1, bootstrap=0 }"
"new-kla, Monte Carlo, explore, W=2",12.000000,3.172868,9.015127,"{ N=30, M=90, T=4, v_basis=1a, W=2, explore=1, bootstrap=0 }"
"new-kla, Monte Carlo, explore, W=2",12.000000,-0.031389,7.456641,"{ N=30, M=90, T=4, v_basis=1a, W=2, explore=1, bootstrap=0 }"
"new-kla, Monte Carlo, explore, W=2",12.000000,0.752638,8.297432,"{ N=30, M=90, T=4, v_basis=1a, W=2, explore=1, bootstrap=0 }"
"new-kla, Monte Carlo, explore, W=2",13.000000,-0.074973,8.276163,"{ N=30, M=90, T=4, v_basis=1a, W=2, explore=1, bootstrap=0 }"
"new-kla, Monte Carlo, explore, W=2",13.000000,3.107777,9.952782,"{ N=30, M=90, T=4, v_basis=1a, W=2, explore=1, bootstrap=0 }"
"new-kla, Monte Carlo, explore, W=2",13.000000,-0.019934,8.252277,"{ N=30, M=90, T=4, v_basis=1a, W=2, explore=1, bootstrap=0 }"
"new-kla, Monte Carlo, explore, W=2",13.000000,0.897826,9.178463,"{ N=30, M=90, T=4, v_basis=1a, W=2, explore=1, bootstrap=0 }"
"new-kla, Monte Carlo, explore, W=2",14.000000,-0.105293,8.986502,"{ N=30, M=90, T=4, v_basis=1a, W=2, explore=1, bootstrap=0 }"
"new-kla, Monte Carlo, explore, W=2",14.000000,2.913666,10.934957,"{ N=30, M=90, T=4, v_basis=1a, W=2, explore=1, bootstrap=0 }"
"new-kla, Monte Carlo, explore, W=2",14.000000,-0.105050,9.000521,"{ N=30, M=90, T=4, v_basis=1a, W=2, explore=1, bootstrap=0 }"
"new-kla, Monte Carlo, explore, W=2",14.000000,0.923402,10.050214,"{ N=30, M=90, T=4, v_basis=1a, W=2, explore=1, bootstrap=0 }"
"new-kla, Monte Carlo, explore, W=2",15.000000,-0.041079,9.651737,"{ N=30, M=90, T=4, v_basis=1a, W=2, explore=1, bootstrap=0 }"
"new-kla, Monte Carlo, explore, W=2",15.000000,3.213405,11.939407,"{ N=30, M=90, T=4, v_basis=1a, W=2, explore=1, bootstrap=0 }"
"new-kla, Monte Carlo, explore, W=2",15.000000,-0.025591,9.760295,"{ N=30, M=90, T=4, v_basis=1a, W=2, explore=1, bootstrap=0 }"
"new-kla, Monte Carlo, explore, W=2",15.000000,0.833798,10.981103,"{ N=30, M=90, T=4, v_basis=1a, W=2, explore=1, bootstrap=0 }"
"new-kla, Monte Carlo, explore, W=2",16.000000,-0.025794,10.331395,"{ N=30, M=90, T=4, v_basis=1a, W=2, explore=1, bootstrap=0 }"
"new-kla, Monte Carlo, explore, W=2",16.000000,4.008891,13.008063,"{ N=30, M=90, T=4, v_basis=1a, W=2, explore=1, bootstrap=0 }"
"new-kla, Monte Carlo, explore, W=2",16.000000,-0.029280,10.519359,"{ N=30, M=90, T=4, v_basis=1a, W=2, explore=1, bootstrap=0 }"
"new-kla, Monte Carlo, explore, W=2",16.000000,0.725512,11.929838,"{ N=30, M=90, T=4, v_basis=1a, W=2, explore=1, bootstrap=0 }"
"new-kla, Monte Carlo, explore, W=2",17.000000,-0.072551,10.995500,"{ N=30, M=90, T=4, v_basis=1a, W=2, explore=1, bootstrap=0 }"
"new-kla, Monte Carlo, explore, W=2",17.000000,2.780284,14.057904,"{ N=30, M=90, T=4, v_basis=1a, W=2, explore=1, bootstrap=0 }"
"new-kla, Monte Carlo, explore, W=2",17.000000,-0.022697,11.192345,"{ N=30, M=90, T=4, v_basis=1a, W=2, explore=1, bootstrap=0 }"
"new-kla, Monte Carlo, explore, W=2",17.000000,0.625619,12.854010,"{ N=30, M=90, T=4, v_basis=1a, W=2, explore=1, bootstrap=0 }"
"new-kla, Monte Carlo, explore, W=2",18.000000,-0.106491,11.725648,"{ N=30, M=90, T=4, v_basis=1a, W=2, explore=1, bootstrap=0 }"
"new-kla, Monte Carlo, explore, W=2",18.000000,2.671374,15.087315,"{ N=30, M=90, T=4, v_basis=1a, W=2, explore=1, bootstrap=0 }"
"new-kla, Monte Carlo, explore, W=2",18.000000,-0.050869,11.948664,"{ N=30, M=90, T=4, v_basis=1a, W=2, explore=1, bootstrap=0 }"
"new-kla, Monte Carlo, explore, W=2",18.000000,1.079085,13.817202,"{ N=30, M=90, T=4, v_basis=1a, W=2, explore=1, bootstrap=0 }"
"new-kla, Monte Carlo, explore, W=2",19.000000,-0.071777,12.408345,"{ N=30, M=90, T=4, v_basis=1a, W=2, explore=1, bootstrap=0 }"
"new-kla, Monte Carlo, explore, W=2",19.000000,3.443250,16.240520,"{ N=30, M=90, T=4, v_basis=1a, W=2, explore=1, bootstrap=0 }"
"new-kla, Monte Carlo, explore, W=2",19.000000,-0.012210,12.714693,"{ N=30, M=90, T=4, v_basis=1a, W=2, explore=1, bootstrap=0 }"
"new-kla, Monte Carlo, explore, W=2",19.000000,0.609963,14.785436,"{ N=30, M=90, T=4, v_basis=1a, W=2, explore=1, bootstrap=0 }"
"new-kla, Monte Carlo, explore, W=2",20.000000,-0.091983,13.188735,"{ N=30, M=90, T=4, v_basis=1a, W=2, explore=1, bootstrap=0 }"
"new-kla, Monte Carlo, explore, W=2",20.000000,3.192413,17.390910,"{ N=30, M=90, T=4, v_basis=1a, W=2, explore=1, bootstrap=0 }"
"new-kla, Monte Carlo, explore, W=2",20.000000,-0.051042,13.430480,"{ N=30, M=90, T=4, v_basis=1a, W=2, explore=1, bootstrap=0 }"
"new-kla, Monte Carlo, explore, W=2",20.000000,1.230327,15.764268,"{ N=30, M=90, T=4, v_basis=1a, W=2, explore=1, bootstrap=0 }"
"new-kla, Monte Carlo, explore, W=2",21.000000,-0.062322,13.919969,"{ N=30, M=90, T=4, v_basis=1a, W=2, explore=1, bootstrap=0 }"
"new-kla, Monte Carlo, explore, W=2",21.000000,3.143209,18.562898,"{ N=30, M=90, T=4, v_basis=1a, W=2, explore=1, bootstrap=0 }"
"new-kla, Monte Carlo, explore, W=2",21.000000,-0.022807,14.190688,"{ N=30, M=90, T=4, v_basis=1a, W=2, explore=1, bootstrap=0 }"
"new-kla, Monte Carlo, explore, W=2",21.000000,1.031832,16.763017,"{ N=30, M=90, T=4, v_basis=1a, W=2, explore=1, bootstrap=0 }"
"new-kla, Monte Carlo, explore, W=2",22.000000,-0.033368,14.622924,"{ N=30, M=90, T=4, v_basis=1a, W=2, explore=1, bootstrap=0 }"
"new-kla, Monte Carlo, explore, W=2",22.000000,3.278959,19.711646,"{ N=30, M=90, T=4, v_basis=1a, W=2, explore=1, bootstrap=0 }"
"new-kla, Monte Carlo, explore, W=2",22.000000,0.008226,14.890680,"{ N=30, M=90, T=4, v_basis=1a, W=2, explore=1, bootstrap=0 }"
"new-kla, Monte Carlo, explore, W=2",22.000000,0.732360,17.780838,"{ N=30, M=90, T=4, v_basis=1a, W=2, explore=1, bootstrap=0 }"
"new-kla, Monte Carlo, explore, W=2",23.000000,-0.060330,15.375727,"{ N=30, M=90, T=4, v_basis=1a, W=2, explore=1, bootstrap=0 }"
"new-kla, Monte Carlo, explore, W=2",23.000000,3.347864,20.956480,"{ N=30, M=90, T=4, v_basis=1a, W=2, explore=1, bootstrap=0 }"
"new-kla, Monte Carlo, explore, W=2",23.000000,-0.116711,15.610161,"{ N=30, M=90, T=4, v_basis=1a, W=2, explore=1, bootstrap=0 }"
"new-kla, Monte Carlo, explore, W=2",23.000000,0.679196,18.894705,"{ N=30, M=90, T=4, v_basis=1a, W=2, explore=1, bootstrap=0 }"
"new-kla, Monte Carlo, explore, W=2",24.000000,-0.047250,16.164019,"{ N=30, M=90, T=4, v_basis=1a, W=2, explore=1, bootstrap=0 }"
"new-kla, Monte Carlo, explore, W=2",24.000000,3.028761,22.072443,"{ N=30, M=90, T=4, v_basis=1a, W=2, explore=1, bootstrap=0 }"
"new-kla, Monte Carlo, explore, W=2",24.000000,-0.152848,16.376177,"{ N=30, M=90, T=4, v_basis=1a, W=2, explore=1, bootstrap=0 }"
"new-kla, Monte Carlo, explore, W=2",24.000000,1.138391,19.875434,"{ N=30, M=90, T=4, v_basis=1a, W=2, explore=1, bootstrap=0 }"
"new-kla, Monte Carlo, explore, W=2",25.000000,-0.011228,16.916600,"{ N=30, M=90, T=4, v_basis=1a, W=2, explore=1, bootstrap=0 }"
"new-kla, Monte Carlo, explore, W=2",25.000000,3.041333,23.311944,"{ N=30, M=90, T=4, v_basis=1a, W=2, explore=1, bootstrap=0 }"
"new-kla, Monte Carlo, explore, W=2",25.000000,-0.014800,17.098594,"{ N=30, M=90, T=4, v_basis=1a, W=2, explore=1, bootstrap=0 }"
"new-kla, Monte Carlo, explore, W=2",25.000000,0.700321,20.867021,"{ N=30, M=90, T=4, v_basis=1a, W=2, explore=1, bootstrap=0 }"
"new-kla, Monte Carlo, explore, W=2",26.000000,-0.070741,17.617855,"{ N=30, M=90, T=4, v_basis=1a, W=2, explore=1, bootstrap=0 }"
"new-kla, Monte Carlo, explore, W=2",26.000000,3.566635,24.552138,"{ N=30, M=90, T=4, v_basis=1a, W=2, explore=1, bootstrap=0 }"
"new-kla, Monte Carlo, explore, W=2",26.000000,-0.060022,17.786777,"{ N=30, M=90, T=4, v_basis=1a, W=2, explore=1, bootstrap=0 }"
"new-kla, Monte Carlo, explore, W=2",26.000000,1.070283,21.843871,"{ N=30, M=90, T=4, v_basis=1a, W=2, explore=1, bootstrap=0 }"
"new-kla, Monte Carlo, explore, W=2",27.000000,-0.151639,18.360446,"{ N=30, M=90, T=4, v_basis=1a, W=2, explore=1, bootstrap=0 }"
"new-kla, Monte Carlo, explore, W=2",27.000000,3.073029,25.809527,"{ N=30, M=90, T=4, v_basis=1a, W=2, explore=1, bootstrap=0 }"
"new-kla, Monte Carlo, explore, W=2",27.000000,-0.130663,18.567573,"{ N=30, M=90, T=4, v_basis=1a, W=2, explore=1, bootstrap=0 }"
"new-kla, Monte Carlo, explore, W=2",27.000000,0.855847,22.910369,"{ N=30, M=90, T=4, v_basis=1a, W=2, explore=1, bootstrap=0 }"
"new-kla, Monte Carlo, explore, W=2",28.000000,-0.031075,19.009395,"{ N=30, M=90, T=4, v_basis=1a, W=2, explore=1, bootstrap=0 }"
"new-kla, Monte Carlo, explore, W=2",28.000000,3.224019,27.056041,"{ N=30, M=90, T=4, v_basis=1a, W=2, explore=1, bootstrap=0 }"
"new-kla, Monte Carlo, explore, W=2",28.000000,-0.051668,19.343950,"{ N=30, M=90, T=4, v_basis=1a, W=2, explore=1, bootstrap=0 }"
"new-kla, Monte Carlo, explore, W=2",28.000000,1.028295,23.898864,"{ N=30, M=90, T=4, v_basis=1a, W=2, explore=1, bootstrap=0 }"
"new-kla, Monte Carlo, explore, W=2",29.000000,-0.035308,19.744271,"{ N=30, M=90, T=4, v_basis=1a, W=2, explore=1, bootstrap=0 }"
"new-kla, Monte Carlo, explore, W=2",29.000000,3.213163,28.345841,"{ N=30, M=90, T=4, v_basis=1a, W=2, explore=1, bootstrap=0 }"
"new-kla, Monte Carlo, explore, W=2",29.000000,-0.097763,20.128103,"{ N=30, M=90, T=4, v_basis=1a, W=2, explore=1, bootstrap=0 }"
"new-kla, Monte Carlo, explore, W=2",29.000000,1.034853,24.943784,"{ N=30, M=90, T=4, v_basis=1a, W=2, explore=1, bootstrap=0 }"
"new-kla, Monte Carlo, explore, W=2",30.000000,-0.095454,20.517612,"{ N=30, M=90, T=4, v_basis=1a, W=2, explore=1, bootstrap=0 }"
"new-kla, Monte Carlo, explore, W=2",30.000000,3.332484,29.600490,"{ N=30, M=90, T=4, v_basis=1a, W=2, explore=1, bootstrap=0 }"
"new-kla, Monte Carlo, explore, W=2",30.000000,-0.036231,20.817077,"{ N=30, M=90, T=4, v_basis=1a, W=2, explore=1, bootstrap=0 }"
"new-kla, Monte Carlo, explore, W=2",30.000000,0.845869,25.911671,"{ N=30, M=90, T=4, v_basis=1a, W=2, explore=1, bootstrap=0 }"
"new-kla, Monte Carlo, explore, W=2",1.000000,-0.261313,0.000000,"{ N=30, M=90, T=4, v_basis=1a, W=2, explore=1, bootstrap=0 }"
"new-kla, Monte Carlo, explore, W=2",1.000000,-0.445113,0.000000,"{ N=30, M=90, T=4, v_basis=1a, W=2, explore=1, bootstrap=0 }"
"new-kla, Monte Carlo, explore, W=2",1.000000,-0.389175,0.000000,"{ N=30, M=90, T=4, v_basis=1a, W=2, explore=1, bootstrap=0 }"
"new-kla, Monte Carlo, explore, W=2",1.000000,0.405541,0.000000,"{ N=30, M=90, T=4, v_basis=1a, W=2, explore=1, bootstrap=0 }"
"new-kla, Monte Carlo, explore, W=2",2.000000,-0.078990,0.421294,"{ N=30, M=90, T=4, v_basis=1a, W=2, explore=1, bootstrap=0 }"
"new-kla, Monte Carlo, explore, W=2",2.000000,-0.143210,0.381800,"{ N=30, M=90, T=4, v_basis=1a, W=2, explore=1, bootstrap=0 }"
"new-kla, Monte Carlo, explore, W=2",2.000000,-0.107882,0.386549,"{ N=30, M=90, T=4, v_basis=1a, W=2, explore=1, bootstrap=0 }"
"new-kla, Monte Carlo, explore, W=2",2.000000,0.448930,0.383784,"{ N=30, M=90, T=4, v_basis=1a, W=2, explore=1, bootstrap=0 }"
"new-kla, Monte Carlo, explore, W=2",3.000000,-0.058049,1.105698,"{ N=30, M=90, T=4, v_basis=1a, W=2, explore=1, bootstrap=0 }"
"new-kla, Monte Carlo, explore, W=2",3.000000,-0.028694,1.062341,"{ N=30, M=90, T=4, v_basis=1a, W=2, explore=1, bootstrap=0 }"
"new-kla, Monte Carlo, explore, W=2",3.000000,-0.023500,1.114449,"{ N=30, M=90, T=4, v_basis=1a, W=2, explore=1, bootstrap=0 }"
"new-kla, Monte Carlo, explore, W=2",3.000000,2.058944,1.138745,"{ N=30, M=90, T=4, v_basis=1a, W=2, explore=1, bootstrap=0 }"
"new-kla, Monte Carlo, explore, W=2",4.000000,-0.059482,1.747923,"{ N=30, M=90, T=4, v_basis=1a, W=2, explore=1, bootstrap=0 }"
"new-kla, Monte Carlo, explore, W=2",4.000000,-0.053320,1.717359,"{ N=30, M=90, T=4, v_basis=1a, W=2, explore=1, bootstrap=0 }"
"new-kla, Monte Carlo, explore, W=2",4.000000,0.013691,1.773630,"{ N=30, M=90, T=4, v_basis=1a, W=2, explore=1, bootstrap=0 }"
"new-kla, Monte Carlo, explore, W=2",4.000000,1.954842,1.829448,"{ N=30, M=90, T=4, v_basis=1a, W=2, explore=1, bootstrap=0 }"
"new-kla, Monte Carlo, explore, W=2",5.000000,-0.115148,2.368830,"{ N=30, M=90, T=4, v_basis=1a, W=2, explore=1, bootstrap=0 }"
"new-kla, Monte Carlo, explore, W=2",5.000000,-0.176189,2.292233,"{ N=30, M=90, T=4, v_basis=1a, W=2, explore=1, bootstrap=0 }"
"new-kla, Monte Carlo, explore, W=2",5.000000,-0.047952,2.521547,"{ N=30, M=90, T=4, v_basis=1a, W=2, explore=1, bootstrap=0 }"
"new-kla, Monte Carlo, explore, W=2",5.000000,2.602329,2.589739,"{ N=30, M=90, T=4, v_basis=1a, W=2, explore=1, bootstrap=0 }"
"new-kla, Monte Carlo, explore, W=2",6.000000,-0.084664,3.039879,"{ N=30, M=90, T=4, v_basis=1a, W=2, explore=1, bootstrap=0 }"
"new-kla, Monte Carlo, explore, W=2",6.000000,-0.061136,2.946042,"{ N=30, M=90, T=4, v_basis=1a, W=2, explore=1, bootstrap=0 }"
"new-kla, Monte Carlo, explore, W=2",6.000000,-0.078910,3.179209,"{ N=30, M=90, T=4, v_basis=1a, W=2, explore=1, bootstrap=0 }"
"new-kla, Monte Carlo, explore, W=2",6.000000,2.947817,3.301504,"{ N=30, M=90, T=4, v_basis=1a, W=2, explore=1, bootstrap=0 }"
"new-kla, Monte Carlo, explore, W=2",7.000000,-0.058733,3.647893,"{ N=30, M=90, T=4, v_basis=1a, W=2, explore=1, bootstrap=0 }"
"new-kla, Monte Carlo, explore, W=2",7.000000,-0.251358,3.627483,"{ N=30, M=90, T=4, v_basis=1a, W=2, explore=1, bootstrap=0 }"
"new-kla, Monte Carlo, explore, W=2",7.000000,-0.028637,3.792592,"{ N=30, M=90, T=4, v_basis=1a, W=2, explore=1, bootstrap=0 }"
"new-kla, Monte Carlo, explore, W=2",7.000000,2.835993,4.051900,"{ N=30, M=90, T=4, v_basis=1a, W=2, explore=1, bootstrap=0 }"
"new-kla, Monte Carlo, explore, W=2",8.000000,-0.050507,4.284079,"{ N=30, M=90, T=4, v_basis=1a, W=2, explore=1, bootstrap=0 }"
"new-kla, Monte Carlo, explore, W=2",8.000000,-0.114254,4.276149,"{ N=30, M=90, T=4, v_basis=1a, W=2, explore=1, bootstrap=0 }"
"new-kla, Monte Carlo, explore, W=2",8.000000,0.042178,4.480397,"{ N=30, M=90, T=4, v_basis=1a, W=2, explore=1, bootstrap=0 }"
"new-kla, Monte Carlo, explore, W=2",8.000000,3.253099,4.856651,"{ N=30, M=90, T=4, v_basis=1a, W=2, explore=1, bootstrap=0 }"
"new-kla, Monte Carlo, explore, W=2",9.000000,-0.069223,4.971936,"{ N=30, M=90, T=4, v_basis=1a, W=2, explore=1, bootstrap=0 }"
"new-kla, Monte Carlo, explore, W=2",9.000000,-0.085011,4.949963,"{ N=30, M=90, T=4, v_basis=1a, W=2, explore=1, bootstrap=0 }"
"new-kla, Monte Carlo, explore, W=2",9.000000,0.014492,5.219144,"{ N=30, M=90, T=4, v_basis=1a, W=2, explore=1, bootstrap=0 }"
"new-kla, Monte Carlo, explore, W=2",9.000000,2.777672,5.719753,"{ N=30, M=90, T=4, v_basis=1a, W=2, explore=1, bootstrap=0 }"
"new-kla, Monte Carlo, explore, W=2",10.000000,-0.101028,5.697192,"{ N=30, M=90, T=4, v_basis=1a, W=2, explore=1, bootstrap=0 }"
"new-kla, Monte Carlo, explore, W=2",10.000000,-0.197571,5.682599,"{ N=30, M=90, T=4, v_basis=1a, W=2, explore=1, bootstrap=0 }"
"new-kla, Monte Carlo, explore, W=2",10.000000,-0.012776,5.981398,"{ N=30, M=90, T=4, v_basis=1a, W=2, explore=1, bootstrap=0 }"
"new-kla, Monte Carlo, explore, W=2",10.000000,2.743940,6.615582,"{ N=30, M=90, T=4, v_basis=1a, W=2, explore=1, bootstrap=0 }"
"new-kla, Monte Carlo, explore, W=2",11.000000,-0.078178,6.424605,"{ N=30, M=90, T=4, v_basis=1a, W=2, explore=1, bootstrap=0 }"
"new-kla, Monte Carlo, explore, W=2",11.000000,-0.092697,6.359451,"{ N=30, M=90, T=4, v_basis=1a, W=2, explore=1, bootstrap=0 }"
"new-kla, Monte Carlo, explore, W=2",11.000000,-0.049116,6.640034,"{ N=30, M=90, T=4, v_basis=1a, W=2, explore=1, bootstrap=0 }"
"new-kla, Monte Carlo, explore, W=2",11.000000,2.857896,7.490435,"{ N=30, M=90, T=4, v_basis=1a, W=2, explore=1, bootstrap=0 }"
"new-kla, Monte Carlo, explore, W=2",12.000000,-0.058743,7.080469,"{ N=30, M=90, T=4, v_basis=1a, W=2, explore=1, bootstrap=0 }"
"new-kla, Monte Carlo, explore, W=2",12.000000,-0.163473,7.045966,"{ N=30, M=90, T=4, v_basis=1a, W=2, explore=1, bootstrap=0 }"
"new-kla, Monte Carlo, explore, W=2",12.000000,-0.120526,7.330436,"{ N=30, M=90, T=4, v_basis=1a, W=2, explore=1, bootstrap=0 }"
"new-kla, Monte Carlo, explore, W=2",12.000000,2.862872,8.415502,"{ N=30, M=90, T=4, v_basis=1a, W=2, explore=1, bootstrap=0 }"
"new-kla, Monte Carlo, explore, W=2",13.000000,-0.056779,7.727351,"{ N=30, M=90, T=4, v_basis=1a, W=2, explore=1, bootstrap=0 }"
"new-kla, Monte Carlo, explore, W=2",13.000000,-0.232848,7.794058,"{ N=30, M=90, T=4, v_basis=1a, W=2, explore=1, bootstrap=0 }"
"new-kla, Monte Carlo, explore, W=2",13.000000,-0.119500,8.038348,"{ N=30, M=90, T=4, v_basis=1a, W=2, explore=1, bootstrap=0 }"
"new-kla, Monte Carlo, explore, W=2",13.000000,3.021533,9.346379,"{ N=30, M=90, T=4, v_basis=1a, W=2, explore=1, bootstrap=0 }"
"new-kla, Monte Carlo, explore, W=2",14.000000,-0.052517,8.389013,"{ N=30, M=90, T=4, v_basis=1a, W=2, explore=1, bootstrap=0 }"
"new-kla, Monte Carlo, explore, W=2",14.000000,-0.095108,8.491148,"{ N=30, M=90, T=4, v_basis=1a, W=2, explore=1, bootstrap=0 }"
"new-kla, Monte Carlo, explore, W=2",14.000000,-0.001708,8.737590,"{ N=30, M=90, T=4, v_basis=1a, W=2, explore=1, bootstrap=0 }"
"new-kla, Monte Carlo, explore, W=2",14.000000,3.072633,10.230047,"{ N=30, M=90, T=4, v_basis=1a, W=2, explore=1, bootstrap=0 }"
"new-kla, Monte Carlo, explore, W=2",15.000000,-0.036683,9.146620,"{ N=30, M=90, T=4, v_basis=1a, W=2, explore=1, bootstrap=0 }"
"new-kla, Monte Carlo, explore, W=2",15.000000,-0.139003,9.240610,"{ N=30, M=90, T=4, v_basis=1a, W=2, explore=1, bootstrap=0 }"
"new-kla, Monte Carlo, explore, W=2",15.000000,0.017717,9.449053,"{ N=30, M=90, T=4, v_basis=1a, W=2, explore=1, bootstrap=0 }"
"new-kla, Monte Carlo, explore, W=2",15.000000,2.934016,11.178961,"{ N=30, M=90, T=4, v_basis=1a, W=2, explore=1, bootstrap=0 }"
"new-kla, Monte Carlo, explore, W=2",16.000000,-0.032116,9.848466,"{ N=30, M=90, T=4, v_basis=1a, W=2, explore=1, bootstrap=0 }"
"new-kla, Monte Carlo, explore, W=2",16.000000,-0.002247,9.951848,"{ N=30, M=90, T=4, v_basis=1a, W=2, explore=1, bootstrap=0 }"
"new-kla, Monte Carlo, explore, W=2",16.000000,0.016997,10.184734,"{ N=30, M=90, T=4, v_basis=1a, W=2, explore=1, bootstrap=0 }"
"new-kla, Monte Carlo, explore, W=2",16.000000,3.292973,12.204479,"{ N=30, M=90, T=4, v_basis=1a, W=2, explore=1, bootstrap=0 }"
"new-kla, Monte Carlo, explore, W=2",17.000000,-0.038165,10.542083,"{ N=30, M=90, T=4, v_basis=1a, W=2, explore=1, bootstrap=0 }"
"new-kla, Monte Carlo, explore, W=2",17.000000,-0.158237,10.561314,"{ N=30, M=90, T=4, v_basis=1a, W=2, explore=1, bootstrap=0 }"
"new-kla, Monte Carlo, explore, W=2",17.000000,0.046255,10.873112,"{ N=30, M=90, T=4, v_basis=1a, W=2, explore=1, bootstrap=0 }"
"new-kla, Monte Carlo, explore, W=2",17.000000,2.876108,13.209527,"{ N=30, M=90, T=4, v_basis=1a, W=2, explore=1, bootstrap=0 }"
"new-kla, Monte Carlo, explore, W=2",18.000000,-0.024106,11.240500,"{ N=30, M=90, T=4, v_basis=1a, W=2, explore=1, bootstrap=0 }"
"new-kla, Monte Carlo, explore, W=2",18.000000,-0.187949,11.252732,"{ N=30, M=90, T=4, v_basis=1a, W=2, explore=1, bootstrap=0 }"
"new-kla, Monte Carlo, explore, W=2",18.000000,-0.114143,11.591639,"{ N=30, M=90, T=4, v_basis=1a, W=2, explore=1, bootstrap=0 }"
"new-kla, Monte Carlo, explore, W=2",18.000000,2.987775,14.139643,"{ N=30, M=90, T=4, v_basis=1a, W=2, explore=1, bootstrap=0 }"
"new-kla, Monte Carlo, explore, W=2",19.000000,-0.032254,11.991523,"{ N=30, M=90, T=4, v_basis=1a, W=2, explore=1, bootstrap=0 }"
"new-kla, Monte Carlo, explore, W=2",19.000000,-0.105564,11.966251,"{ N=30, M=90, T=4, v_basis=1a, W=2, explore=1, bootstrap=0 }"
"new-kla, Monte Carlo, explore, W=2",19.000000,0.064541,12.318154,"{ N=30, M=90, T=4, v_basis=1a, W=2, explore=1, bootstrap=0 }"
"new-kla, Monte Carlo, explore, W=2",19.000000,3.394850,15.108939,"{ N=30, M=90, T=4, v_basis=1a, W=2, explore=1, bootstrap=0 }"
"new-kla, Monte Carlo, explore, W=2",20.000000,-0.049332,12.680177,"{ N=30, M=90, T=4, v_basis=1a, W=2, explore=1, bootstrap=0 }"
"new-kla, Monte Carlo, explore, W=2",20.000000,-0.157794,12.675147,"{ N=30, M=90, T=4, v_basis=1a, W=2, explore=1, bootstrap=0 }"
"new-kla, Monte Carlo, explore, W=2",20.000000,0.023576,13.053239,"{ N=30, M=90, T=4, v_basis=1a, W=2, explore=1, bootstrap=0 }"
"new-kla, Monte Carlo, explore, W=2",20.000000,2.563690,16.127611,"{ N=30, M=90, T=4, v_basis=1a, W=2, explore=1, bootstrap=0 }"
"new-kla, Monte Carlo, explore, W=2",21.000000,-0.063592,13.364672,"{ N=30, M=90, T=4, v_basis=1a, W=2, explore=1, bootstrap=0 }"
"new-kla, Monte Carlo, explore, W=2",21.000000,-0.035678,13.416564,"{ N=30, M=90, T=4, v_basis=1a, W=2, explore=1, bootstrap=0 }"
"new-kla, Monte Carlo, explore, W=2",21.000000,0.028229,13.748000,"{ N=30, M=90, T=4, v_basis=1a, W=2, explore=1, bootstrap=0 }"
"new-kla, Monte Carlo, explore, W=2",21.000000,2.618158,17.155019,"{ N=30, M=90, T=4, v_basis=1a, W=2, explore=1, bootstrap=0 }"
"new-kla, Monte Carlo, explore, W=2",22.000000,-0.114574,14.012910,"{ N=30, M=90, T=4, v_basis=1a, W=2, explore=1, bootstrap=0 }"
"new-kla, Monte Carlo, explore, W=2",22.000000,-0.129199,14.108221,"{ N=30, M=90, T=4, v_basis=1a, W=2, explore=1, bootstrap=0 }"
"new-kla, Monte Carlo, explore, W=2",22.000000,0.010092,14.458991,"{ N=30, M=90, T=4, v_basis=1a, W=2, explore=1, bootstrap=0 }"
"new-kla, Monte Carlo, explore, W=2",22.000000,3.250408,18.183299,"{ N=30, M=90, T=4, v_basis=1a, W=2, explore=1, bootstrap=0 }"
"new-kla, Monte Carlo, explore, W=2",23.000000,-0.054446,14.640870,"{ N=30, M=90, T=4, v_basis=1a, W=2, explore=1, bootstrap=0 }"
"new-kla, Monte Carlo, explore, W=2",23.000000,-0.090635,14.777566,"{ N=30, M=90, T=4, v_basis=1a, W=2, explore=1, bootstrap=0 }"
"new-kla, Monte Carlo, explore, W=2",23.000000,-0.053993,15.125614,"{ N=30, M=90, T=4, v_basis=1a, W=2, explore=1, bootstrap=0 }"
"new-kla, Monte Carlo, explore, W=2",23.000000,3.217839,19.209084,"{ N=30, M=90, T=4, v_basis=1a, W=2, explore=1, bootstrap=0 }"
"new-kla, Monte Carlo, explore, W=2",24.000000,-0.092719,15.316775,"{ N=30, M=90, T=4, v_basis=1a, W=2, explore=1, bootstrap=0 }"
"new-kla, Monte Carlo, explore, W=2",24.000000,-0.163166,15.455059,"{ N=30, M=90, T=4, v_basis=1a, W=2, explore=1, bootstrap=0 }"
"new-kla, Monte Carlo, explore, W=2",24.000000,-0.054466,15.859703,"{ N=30, M=90, T=4, v_basis=1a, W=2, explore=1, bootstrap=0 }"
"new-kla, Monte Carlo, explore, W=2",24.000000,2.797748,20.328591,"{ N=30, M=90, T=4, v_basis=1a, W=2, explore=1, bootstrap=0 }"
"new-kla, Monte Carlo, explore, W=2",25.000000,-0.038217,16.010560,"{ N=30, M=90, T=4, v_basis=1a, W=2, explore=1, bootstrap=0 }"
"new-kla, Monte Carlo, explore, W=2",25.000000,-0.182956,16.138886,"{ N=30, M=90, T=4, v_basis=1a, W=2, explore=1, bootstrap=0 }"
"new-kla, Monte Carlo, explore, W=2",25.000000,-0.053810,16.538380,"{ N=30, M=90, T=4, v_basis=1a, W=2, explore=1, bootstrap=0 }"
"new-kla, Monte Carlo, explore, W=2",25.000000,3.641108,21.516341,"{ N=30, M=90, T=4, v_basis=1a, W=2, explore=1, bootstrap=0 }"
"new-kla, Monte Carlo, explore, W=2",26.000000,-0.130855,16.729611,"{ N=30, M=90, T=4, v_basis=1a, W=2, explore=1, bootstrap=0 }"
"new-kla, Monte Carlo, explore, W=2",26.000000,-0.047965,16.899721,"{ N=30, M=90, T=4, v_basis=1a, W=2, explore=1, bootstrap=0 }"
"new-kla, Monte Carlo, explore, W=2",26.000000,-0.036002,17.198842,"{ N=30, M=90, T=4, v_basis=1a, W=2, explore=1, bootstrap=0 }"
"new-kla, Monte Carlo, explore, W=2",26.000000,3.081750,22.592452,"{ N=30, M=90, T=4, v_basis=1a, W=2, explore=1, bootstrap=0 }"
"new-kla, Monte Carlo, explore, W=2",27.000000,-0.053526,17.405614,"{ N=30, M=90, T=4, v_basis=1a, W=2, explore=1, bootstrap=0 }"
"new-kla, Monte Carlo, explore, W=2",27.000000,-0.096244,17.580964,"{ N=30, M=90, T=4, v_basis=1a, W=2, explore=1, bootstrap=0 }"
"new-kla, Monte Carlo, explore, W=2",27.000000,-0.180901,17.939885,"{ N=30, M=90, T=4, v_basis=1a, W=2, explore=1, bootstrap=0 }"
"new-kla, Monte Carlo, explore, W=2",27.000000,3.152314,23.770915,"{ N=30, M=90, T=4, v_basis=1a, W=2, explore=1, bootstrap=0 }"
"new-kla, Monte Carlo, explore, W=2",28.000000,-0.108027,18.082171,"{ N=30, M=90, T=4, v_basis=1a, W=2, explore=1, bootstrap=0 }"
"new-kla, Monte Carlo, explore, W=2",28.000000,-0.066952,18.264063,"{ N=30, M=90, T=4, v_basis=1a, W=2, explore=1, bootstrap=0 }"
"new-kla, Monte Carlo, explore, W=2",28.000000,-0.100546,18.729892,"{ N=30, M=90, T=4, v_basis=1a, W=2, explore=1, bootstrap=0 }"
"new-kla, Monte Carlo, explore, W=2",28.000000,2.871652,24.886254,"{ N=30, M=90, T=4, v_basis=1a, W=2, explore=1, bootstrap=0 }"
"new-kla, Monte Carlo, explore, W=2",29.000000,-0.043799,18.792951,"{ N=30, M=90, T=4, v_basis=1a, W=2, explore=1, bootstrap=0 }"
"new-kla, Monte Carlo, explore, W=2",29.000000,-0.182442,18.957677,"{ N=30, M=90, T=4, v_basis=1a, W=2, explore=1, bootstrap=0 }"
"new-kla, Monte Carlo, explore, W=2",29.000000,-0.028477,19.436186,"{ N=30, M=90, T=4, v_basis=1a, W=2, explore=1, bootstrap=0 }"
"new-kla, Monte Carlo, explore, W=2",29.000000,3.181468,26.126065,"{ N=30, M=90, T=4, v_basis=1a, W=2, explore=1, bootstrap=0 }"
"new-kla, Monte Carlo, explore, W=2",30.000000,-0.123223,19.545802,"{ N=30, M=90, T=4, v_basis=1a, W=2, explore=1, bootstrap=0 }"
"new-kla, Monte Carlo, explore, W=2",30.000000,-0.277436,19.721475,"{ N=30, M=90, T=4, v_basis=1a, W=2, explore=1, bootstrap=0 }"
"new-kla, Monte Carlo, explore, W=2",30.000000,-0.062775,20.091799,"{ N=30, M=90, T=4, v_basis=1a, W=2, explore=1, bootstrap=0 }"
"new-kla, Monte Carlo, explore, W=2",30.000000,3.199869,27.333871,"{ N=30, M=90, T=4, v_basis=1a, W=2, explore=1, bootstrap=0 }"
"new-kla, Monte Carlo, explore, W=2",1.000000,0.693907,0.000000,"{ N=30, M=90, T=4, v_basis=1a, W=2, explore=1, bootstrap=0 }"
"new-kla, Monte Carlo, explore, W=2",1.000000,0.239850,0.000000,"{ N=30, M=90, T=4, v_basis=1a, W=2, explore=1, bootstrap=0 }"
"new-kla, Monte Carlo, explore, W=2",1.000000,0.279985,0.000000,"{ N=30, M=90, T=4, v_basis=1a, W=2, explore=1, bootstrap=0 }"
"new-kla, Monte Carlo, explore, W=2",1.000000,0.162197,0.000000,"{ N=30, M=90, T=4, v_basis=1a, W=2, explore=1, bootstrap=0 }"
"new-kla, Monte Carlo, explore, W=2",2.000000,2.149592,0.386833,"{ N=30, M=90, T=4, v_basis=1a, W=2, explore=1, bootstrap=0 }"
"new-kla, Monte Carlo, explore, W=2",2.000000,0.274388,0.379892,"{ N=30, M=90, T=4, v_basis=1a, W=2, explore=1, bootstrap=0 }"
"new-kla, Monte Carlo, explore, W=2",2.000000,0.463193,0.349583,"{ N=30, M=90, T=4, v_basis=1a, W=2, explore=1, bootstrap=0 }"
"new-kla, Monte Carlo, explore, W=2",2.000000,0.304199,0.324537,"{ N=30, M=90, T=4, v_basis=1a, W=2, explore=1, bootstrap=0 }"
"new-kla, Monte Carlo, explore, W=2",3.000000,3.211433,1.076898,"{ N=30, M=90, T=4, v_basis=1a, W=2, explore=1, bootstrap=0 }"
"new-kla, Monte Carlo, explore, W=2",3.000000,0.351688,1.024655,"{ N=30, M=90, T=4, v_basis=1a, W=2, explore=1, bootstrap=0 }"
"new-kla, Monte Carlo, explore, W=2",3.000000,1.175741,1.064317,"{ N=30, M=90, T=4, v_basis=1a, W=2, explore=1, bootstrap=0 }"
"new-kla, Monte Carlo, explore, W=2",3.000000,0.679274,0.961388,"{ N=30, M=90, T=4, v_basis=1a, W=2, explore=1, bootstrap=0 }"
"new-kla, Monte Carlo, explore, W=2",4.000000,3.110034,1.744316,"{ N=30, M=90, T=4, v_basis=1a, W=2, explore=1, bootstrap=0 }"
"new-kla, Monte Carlo, explore, W=2",4.000000,0.978867,1.763315,"{ N=30, M=90, T=4, v_basis=1a, W=2, explore=1, bootstrap=0 }"
"new-kla, Monte Carlo, explore, W=2",4.000000,1.047079,1.791084,"{ N=30, M=90, T=4, v_basis=1a, W=2, explore=1, bootstrap=0 }"
"new-kla, Monte Carlo, explore, W=2",4.000000,0.758689,1.659963,"{ N=30, M=90, T=4, v_basis=1a, W=2, explore=1, bootstrap=0 }"
"new-kla, Monte Carlo, explore, W=2",5.000000,3.689586,2.536150,"{ N=30, M=90, T=4, v_basis=1a, W=2, explore=1, bootstrap=0 }"
"new-kla, Monte Carlo, explore, W=2",5.000000,1.564855,2.551817,"{ N=30, M=90, T=4, v_basis=1a, W=2, explore=1, bootstrap=0 }"
"new-kla, Monte Carlo, explore, W=2",5.000000,1.267963,2.544470,"{ N=30, M=90, T=4, v_basis=1a, W=2, explore=1, bootstrap=0 }"
"new-kla, Monte Carlo, explore, W=2",5.000000,0.927708,2.447389,"{ N=30, M=90, T=4, v_basis=1a, W=2, explore=1, bootstrap=0 }"
"new-kla, Monte Carlo, explore, W=2",6.000000,3.768741,3.348026,"{ N=30, M=90, T=4, v_basis=1a, W=2, explore=1, bootstrap=0 }"
"new-kla, Monte Carlo, explore, W=2",6.000000,1.999308,3.277353,"{ N=30, M=90, T=4, v_basis=1a, W=2, explore=1, bootstrap=0 }"
"new-kla, Monte Carlo, explore, W=2",6.000000,1.350754,3.322363,"{ N=30, M=90, T=4, v_basis=1a, W=2, explore=1, bootstrap=0 }"
"new-kla, Monte Carlo, explore, W=2",6.000000,1.528226,3.236241,"{ N=30, M=90, T=4, v_basis=1a, W=2, explore=1, bootstrap=0 }"
"new-kla, Monte Carlo, explore, W=2",7.000000,4.286355,4.230351,"{ N=30, M=90, T=4, v_basis=1a, W=2, explore=1, bootstrap=0 }"
"new-kla, Monte Carlo, explore, W=2",7.000000,1.839912,4.057786,"{ N=30, M=90, T=4, v_basis=1a, W=2, explore=1, bootstrap=0 }"
"new-kla, Monte Carlo, explore, W=2",7.000000,1.897974,4.096801,"{ N=30, M=90, T=4, v_basis=1a, W=2, explore=1, bootstrap=0 }"
"new-kla, Monte Carlo, explore, W=2",7.000000,1.931402,4.096901,"{ N=30, M=90, T=4, v_basis=1a, W=2, explore=1, bootstrap=0 }"
"new-kla, Monte Carlo, explore, W=2",8.000000,4.421808,5.020147,"{ N=30, M=90, T=4, v_basis=1a, W=2, explore=1, bootstrap=0 }"
"new-kla, Monte Carlo, explore, W=2",8.000000,2.265011,4.904287,"{ N=30, M=90, T=4, v_basis=1a, W=2, explore=1, bootstrap=0 }"
"new-kla, Monte Carlo, explore, W=2",8.000000,1.479149,4.978021,"{ N=30, M=90, T=4, v_basis=1a, W=2, explore=1, bootstrap=0 }"
"new-kla, Monte Carlo, explore, W=2",8.000000,1.443190,4.847277,"{ N=30, M=90, T=4, v_basis=1a, W=2, explore=1, bootstrap=0 }"
"new-kla, Monte Carlo, explore, W=2",9.000000,4.718549,5.930106,"{ N=30, M=90, T=4, v_basis=1a, W=2, explore=1, bootstrap=0 }"
"new-kla, Monte Carlo, explore, W=2",9.000000,2.363029,5.754049,"{ N=30, M=90, T=4, v_basis=1a, W=2, explore=1, bootstrap=0 }"
"new-kla, Monte Carlo, explore, W=2",9.000000,1.616413,5.815099,"{ N=30, M=90, T=4, v_basis=1a, W=2, explore=1, bootstrap=0 }"
"new-kla, Monte Carlo, explore, W=2",9.000000,1.601293,5.663214,"{ N=30, M=90, T=4, v_basis=1a, W=2, explore=1, bootstrap=0 }"
"new-kla, Monte Carlo, explore, W=2",10.000000,4.024101,6.775535,"{ N=30, M=90, T=4, v_basis=1a, W=2, explore=1, bootstrap=0 }"
"new-kla, Monte Carlo, explore, W=2",10.000000,2.068445,6.650920,"{ N=30, M=90, T=4, v_basis=1a, W=2, explore=1, bootstrap=0 }"
"new-kla, Monte Carlo, explore, W=2",10.000000,1.314482,6.719080,"{ N=30, M=90, T=4, v_basis=1a, W=2, explore=1, bootstrap=0 }"
"new-kla, Monte Carlo, explore, W=2",10.000000,1.938353,6.410800,"{ N=30, M=90, T=4, v_basis=1a, W=2, explore=1, bootstrap=0 }"
"new-kla, Monte Carlo, explore, W=2",11.000000,5.439806,7.712651,"{ N=30, M=90, T=4, v_basis=1a, W=2, explore=1, bootstrap=0 }"
"new-kla, Monte Carlo, explore, W=2",11.000000,2.651242,7.560277,"{ N=30, M=90, T=4, v_basis=1a, W=2, explore=1, bootstrap=0 }"
"new-kla, Monte Carlo, explore, W=2",11.000000,1.802627,7.549896,"{ N=30, M=90, T=4, v_basis=1a, W=2, explore=1, bootstrap=0 }"
"new-kla, Monte Carlo, explore, W=2",11.000000,2.178412,7.221927,"{ N=30, M=90, T=4, v_basis=1a, W=2, explore=1, bootstrap=0 }"
"new-kla, Monte Carlo, explore, W=2",12.000000,4.049114,8.683549,"{ N=30, M=90, T=4, v_basis=1a, W=2, explore=1, bootstrap=0 }"
"new-kla, Monte Carlo, explore, W=2",12.000000,2.259833,8.463804,"{ N=30, M=90, T=4, v_basis=1a, W=2, explore=1, bootstrap=0 }"
"new-kla, Monte Carlo, explore, W=2",12.000000,1.522499,8.471974,"{ N=30, M=90, T=4, v_basis=1a, W=2, explore=1, bootstrap=0 }"
"new-kla, Monte Carlo, explore, W=2",12.000000,1.949912,8.046537,"{ N=30, M=90, T=4, v_basis=1a, W=2, explore=1, bootstrap=0 }"
"new-kla, Monte Carlo, explore, W=2",13.000000,4.887708,9.582992,"{ N=30, M=90, T=4, v_basis=1a, W=2, explore=1, bootstrap=0 }"
"new-kla, Monte Carlo, explore, W=2",13.000000,2.308946,9.291928,"{ N=30, M=90, T=4, v_basis=1a, W=2, explore=1, bootstrap=0 }"
"new-kla, Monte Carlo, explore, W=2",13.000000,1.521727,9.279262,"{ N=30, M=90, T=4, v_basis=1a, W=2, explore=1, bootstrap=0 }"
"new-kla, Monte Carlo, explore, W=2",13.000000,1.294115,8.820815,"{ N=30, M=90, T=4, v_basis=1a, W=2, explore=1, bootstrap=0 }"
"new-kla, Monte Carlo, explore, W=2",14.000000,5.359498,10.529649,"{ N=30, M=90, T=4, v_basis=1a, W=2, explore=1, bootstrap=0 }"
"new-kla, Monte Carlo, explore, W=2",14.000000,2.833338,10.294172,"{ N=30, M=90, T=4, v_basis=1a, W=2, explore=1, bootstrap=0 }"
"new-kla, Monte Carlo, explore, W=2",14.000000,1.236936,10.226510,"{ N=30, M=90, T=4, v_basis=1a, W=2, explore=1, bootstrap=0 }"
"new-kla, Monte Carlo, explore, W=2",14.000000,1.623180,9.695543,"{ N=30, M=90, T=4, v_basis=1a, W=2, explore=1, bootstrap=0 }"
"new-kla, Monte Carlo, explore, W=2",15.000000,4.457433,11.541466,"{ N=30, M=90, T=4, v_basis=1a, W=2, explore=1, bootstrap=0 }"
"new-kla, Monte Carlo, explore, W=2",15.000000,2.307279,11.285704,"{ N=30, M=90, T=4, v_basis=1a, W=2, explore=1, bootstrap=0 }"
"new-kla, Monte Carlo, explore, W=2",15.000000,1.731672,11.226649,"{ N=30, M=90, T=4, v_basis=1a, W=2, explore=1, bootstrap=0 }"
"new-kla, Monte Carlo, explore, W=2",15.000000,1.584839,10.648739,"{ N=30, M=90, T=4, v_basis=1a, W=2, explore=1, bootstrap=0 }"
"new-kla, Monte Carlo, explore, W=2",16.000000,4.618199,12.613013,"{ N=30, M=90, T=4, v_basis=1a, W=2, explore=1, bootstrap=0 }"
"new-kla, Monte Carlo, explore, W=2",16.000000,2.905471,12.366276,"{ N=30, M=90, T=4, v_basis=1a, W=2, explore=1, bootstrap=0 }"
"new-kla, Monte Carlo, explore, W=2",16.000000,1.877276,12.205052,"{ N=30, M=90, T=4, v_basis=1a, W=2, explore=1, bootstrap=0 }"
"new-kla, Monte Carlo, explore, W=2",16.000000,1.913878,11.656924,"{ N=30, M=90, T=4, v_basis=1a, W=2, explore=1, bootstrap=0 }"
"new-kla, Monte Carlo, explore, W=2",17.000000,4.239078,13.734947,"{ N=30, M=90, T=4, v_basis=1a, W=2, explore=1, bootstrap=0 }"
"new-kla, Monte Carlo, explore, W=2",17.000000,2.838060,13.396011,"{ N=30, M=90, T=4, v_basis=1a, W=2, explore=1, bootstrap=0 }"
"new-kla, Monte Carlo, explore, W=2",17.000000,1.786364,13.253973,"{ N=30, M=90, T=4, v_basis=1a, W=2, explore=1, bootstrap=0 }"
"new-kla, Monte Carlo, explore, W=2",17.000000,1.631736,12.702006,"{ N=30, M=90, T=4, v_basis=1a, W=2, explore=1, bootstrap=0 }"
"new-kla, Monte Carlo, explore, W=2",18.000000,4.673809,14.818442,"{ N=30, M=90, T=4, v_basis=1a, W=2, explore=1, bootstrap=0 }"
"new-kla, Monte Carlo, explore, W=2",18.000000,2.592118,14.413147,"{ N=30, M=90, T=4, v_basis=1a, W=2, explore=1, bootstrap=0 }"
"new-kla, Monte Carlo, explore, W=2",18.000000,1.420786,14.226249,"{ N=30, M=90, T=4, v_basis=1a, W=2, explore=1, bootstrap=0 }"
"new-kla, Monte Carlo, explore, W=2",18.000000,1.767875,13.732632,"{ N=30, M=90, T=4, v_basis=1a, W=2, explore=1, bootstrap=0 }"
"new-kla, Monte Carlo, explore, W=2",19.000000,5.058978,15.899385,"{ N=30, M=90, T=4, v_basis=1a, W=2, explore=1, bootstrap=0 }"
"new-kla, Monte Carlo, explore, W=2",19.000000,2.922362,15.353121,"{ N=30, M=90, T=4, v_basis=1a, W=2, explore=1, bootstrap=0 }"
"new-kla, Monte Carlo, explore, W=2",19.000000,1.650305,15.249360,"{ N=30, M=90, T=4, v_basis=1a, W=2, explore=1, bootstrap=0 }"
"new-kla, Monte Carlo, explore, W=2",19.000000,1.943965,14.594905,"{ N=30, M=90, T=4, v_basis=1a, W=2, explore=1, bootstrap=0 }"
"new-kla, Monte Carlo, explore, W=2",20.000000,4.604408,17.101821,"{ N=30, M=90, T=4, v_basis=1a, W=2, explore=1, bootstrap=0 }"
"new-kla, Monte Carlo, explore, W=2",20.000000,2.968413,16.479790,"{ N=30, M=90, T=4, v_basis=1a, W=2, explore=1, bootstrap=0 }"
"new-kla, Monte Carlo, explore, W=2",20.000000,1.614463,16.364769,"{ N=30, M=90, T=4, v_basis=1a, W=2, explore=1, bootstrap=0 }"
"new-kla, Monte Carlo, explore, W=2",20.000000,1.596687,15.595319,"{ N=30, M=90, T=4, v_basis=1a, W=2, explore=1, bootstrap=0 }"
"new-kla, Monte Carlo, explore, W=2",21.000000,5.448154,18.291570,"{ N=30, M=90, T=4, v_basis=1a, W=2, explore=1, bootstrap=0 }"
"new-kla, Monte Carlo, explore, W=2",21.000000,2.928909,17.604603,"{ N=30, M=90, T=4, v_basis=1a, W=2, explore=1, bootstrap=0 }"
"new-kla, Monte Carlo, explore, W=2",21.000000,1.113323,17.550154,"{ N=30, M=90, T=4, v_basis=1a, W=2, explore=1, bootstrap=0 }"
"new-kla, Monte Carlo, explore, W=2",21.000000,2.108525,16.647868,"{ N=30, M=90, T=4, v_basis=1a, W=2, explore=1, bootstrap=0 }"
"new-kla, Monte Carlo, explore, W=2",22.000000,4.684236,19.427913,"{ N=30, M=90, T=4, v_basis=1a, W=2, explore=1, bootstrap=0 }"
"new-kla, Monte Carlo, explore, W=2",22.000000,2.349161,18.716262,"{ N=30, M=90, T=4, v_basis=1a, W=2, explore=1, bootstrap=0 }"
"new-kla, Monte Carlo, explore, W=2",22.000000,2.092589,18.715450,"{ N=30, M=90, T=4, v_basis=1a, W=2, explore=1, bootstrap=0 }"
"new-kla, Monte Carlo, explore, W=2",22.000000,1.900680,17.733144,"{ N=30, M=90, T=4, v_basis=1a, W=2, explore=1, bootstrap=0 }"
"new-kla, Monte Carlo, explore, W=2",23.000000,4.654932,20.617682,"{ N=30, M=90, T=4, v_basis=1a, W=2, explore=1, bootstrap=0 }"
"new-kla, Monte Carlo, explore, W=2",23.000000,2.987038,19.790971,"{ N=30, M=90, T=4, v_basis=1a, W=2, explore=1, bootstrap=0 }"
"new-kla, Monte Carlo, explore, W=2",23.000000,1.403113,19.807377,"{ N=30, M=90, T=4, v_basis=1a, W=2, explore=1, bootstrap=0 }"
"new-kla, Monte Carlo, explore, W=2",23.000000,1.649641,18.871643,"{ N=30, M=90, T=4, v_basis=1a, W=2, explore=1, bootstrap=0 }"
"new-kla, Monte Carlo, explore, W=2",24.000000,5.086388,21.779502,"{ N=30, M=90, T=4, v_basis=1a, W=2, explore=1, bootstrap=0 }"
"new-kla, Monte Carlo, explore, W=2",24.000000,2.498201,20.892439,"{ N=30, M=90, T=4, v_basis=1a, W=2, explore=1, bootstrap=0 }"
"new-kla, Monte Carlo, explore, W=2",24.000000,2.092996,21.058931,"{ N=30, M=90, T=4, v_basis=1a, W=2, explore=1, bootstrap=0 }"
"new-kla, Monte Carlo, explore, W=2",24.000000,1.903405,19.940924,"{ N=30, M=90, T=4, v_basis=1a, W=2, explore=1, bootstrap=0 }"
"new-kla, Monte Carlo, explore, W=2",25.000000,5.284611,22.943900,"{ N=30, M=90, T=4, v_basis=1a, W=2, explore=1, bootstrap=0 }"
"new-kla, Monte Carlo, explore, W=2",25.000000,2.722119,21.995909,"{ N=30, M=90, T=4, v_basis=1a, W=2, explore=1, bootstrap=0 }"
"new-kla, Monte Carlo, explore, W=2",25.000000,1.924890,22.127830,"{ N=30, M=90, T=4, v_basis=1a, W=2, explore=1, bootstrap=0 }"
"new-kla, Monte Carlo, explore, W=2",25.000000,1.827164,21.126132,"{ N=30, M=90, T=4, v_basis=1a, W=2, explore=1, bootstrap=0 }"
"new-kla, Monte Carlo, explore, W=2",26.000000,5.329807,24.140903,"{ N=30, M=90, T=4, v_basis=1a, W=2, explore=1, bootstrap=0 }"
"new-kla, Monte Carlo, explore, W=2",26.000000,2.419528,23.177555,"{ N=30, M=90, T=4, v_basis=1a, W=2, explore=1, bootstrap=0 }"
"new-kla, Monte Carlo, explore, W=2",26.000000,1.395299,23.283417,"{ N=30, M=90, T=4, v_basis=1a, W=2, explore=1, bootstrap=0 }"
"new-kla, Monte Carlo, explore, W=2",26.000000,1.464279,22.216133,"{ N=30, M=90, T=4, v_basis=1a, W=2, explore=1, bootstrap=0 }"
"new-kla, Monte Carlo, explore, W=2",27.000000,4.985478,25.363804,"{ N=30, M=90, T=4, v_basis=1a, W=2, explore=1, bootstrap=0 }"
"new-kla, Monte Carlo, explore, W=2",27.000000,2.355409,24.344146,"{ N=30, M=90, T=4, v_basis=1a, W=2, explore=1, bootstrap=0 }"
"new-kla, Monte Carlo, explore, W=2",27.000000,1.737418,24.480849,"{ N=30, M=90, T=4, v_basis=1a, W=2, explore=1, bootstrap=0 }"
"new-kla, Monte Carlo, explore, W=2",27.000000,1.828304,23.338610,"{ N=30, M=90, T=4, v_basis=1a, W=2, explore=1, bootstrap=0 }"
"new-kla, Monte Carlo, explore, W=2",28.000000,4.617413,26.533789,"{ N=30, M=90, T=4, v_basis=1a, W=2, explore=1, bootstrap=0 }"
"new-kla, Monte Carlo, explore, W=2",28.000000,2.662373,25.485988,"{ N=30, M=90, T=4, v_basis=1a, W=2, explore=1, bootstrap=0 }"
"new-kla, Monte Carlo, explore, W=2",28.000000,1.897434,25.630786,"{ N=30, M=90, T=4, v_basis=1a, W=2, explore=1, bootstrap=0 }"
"new-kla, Monte Carlo, explore, W=2",28.000000,1.672908,24.515908,"{ N=30, M=90, T=4, v_basis=1a, W=2, explore=1, bootstrap=0 }"
"new-kla, Monte Carlo, explore, W=2",29.000000,4.993458,27.744012,"{ N=30, M=90, T=4, v_basis=1a, W=2, explore=1, bootstrap=0 }"
"new-kla, Monte Carlo, explore, W=2",29.000000,2.476412,26.698633,"{ N=30, M=90, T=4, v_basis=1a, W=2, explore=1, bootstrap=0 }"
"new-kla, Monte Carlo, explore, W=2",29.000000,1.720723,26.887509,"{ N=30, M=90, T=4, v_basis=1a, W=2, explore=1, bootstrap=0 }"
"new-kla, Monte Carlo, explore, W=2",29.000000,1.612980,25.628801,"{ N=30, M=90, T=4, v_basis=1a, W=2, explore=1, bootstrap=0 }"
"new-kla, Monte Carlo, explore, W=2",30.000000,4.560763,28.892403,"{ N=30, M=90, T=4, v_basis=1a, W=2, explore=1, bootstrap=0 }"
"new-kla, Monte Carlo, explore, W=2",30.000000,2.830811,27.950459,"{ N=30, M=90, T=4, v_basis=1a, W=2, explore=1, bootstrap=0 }"
"new-kla, Monte Carlo, explore, W=2",30.000000,1.782597,28.105690,"{ N=30, M=90, T=4, v_basis=1a, W=2, explore=1, bootstrap=0 }"
"new-kla, Monte Carlo, explore, W=2",30.000000,1.548958,26.892221,"{ N=30, M=90, T=4, v_basis=1a, W=2, explore=1, bootstrap=0 }"
"new-kla, Monte Carlo, explore, W=2",1.000000,0.037553,0.000000,"{ N=30, M=90, T=4, v_basis=1a, W=2, explore=1, bootstrap=0 }"
"new-kla, Monte Carlo, explore, W=2",1.000000,0.719340,0.000000,"{ N=30, M=90, T=4, v_basis=1a, W=2, explore=1, bootstrap=0 }"
"new-kla, Monte Carlo, explore, W=2",1.000000,0.569448,0.000000,"{ N=30, M=90, T=4, v_basis=1a, W=2, explore=1, bootstrap=0 }"
"new-kla, Monte Carlo, explore, W=2",1.000000,-0.637892,0.000000,"{ N=30, M=90, T=4, v_basis=1a, W=2, explore=1, bootstrap=0 }"
"new-kla, Monte Carlo, explore, W=2",2.000000,0.426776,0.376451,"{ N=30, M=90, T=4, v_basis=1a, W=2, explore=1, bootstrap=0 }"
"new-kla, Monte Carlo, explore, W=2",2.000000,1.073968,0.426016,"{ N=30, M=90, T=4, v_basis=1a, W=2, explore=1, bootstrap=0 }"
"new-kla, Monte Carlo, explore, W=2",2.000000,1.299542,0.450489,"{ N=30, M=90, T=4, v_basis=1a, W=2, explore=1, bootstrap=0 }"
"new-kla, Monte Carlo, explore, W=2",2.000000,-0.220733,0.418672,"{ N=30, M=90, T=4, v_basis=1a, W=2, explore=1, bootstrap=0 }"
"new-kla, Monte Carlo, explore, W=2",3.000000,0.975354,1.031534,"{ N=30, M=90, T=4, v_basis=1a, W=2, explore=1, bootstrap=0 }"
"new-kla, Monte Carlo, explore, W=2",3.000000,1.606576,1.095612,"{ N=30, M=90, T=4, v_basis=1a, W=2, explore=1, bootstrap=0 }"
"new-kla, Monte Carlo, explore, W=2",3.000000,1.498289,1.167752,"{ N=30, M=90, T=4, v_basis=1a, W=2, explore=1, bootstrap=0 }"
"new-kla, Monte Carlo, explore, W=2",3.000000,-0.264691,1.155871,"{ N=30, M=90, T=4, v_basis=1a, W=2, explore=1, bootstrap=0 }"
"new-kla, Monte Carlo, explore, W=2",4.000000,0.606429,1.807374,"{ N=30, M=90, T=4, v_basis=1a, W=2, explore=1, bootstrap=0 }"
"new-kla, Monte Carlo, explore, W=2",4.000000,2.249735,1.799467,"{ N=30, M=90, T=4, v_basis=1a, W=2, explore=1, bootstrap=0 }"
"new-kla, Monte Carlo, explore, W=2",4.000000,1.768662,1.936578,"{ N=30, M=90, T=4, v_basis=1a, W=2, explore=1, bootstrap=0 }"
"new-kla, Monte Carlo, explore, W=2",4.000000,-0.230702,1.869903,"{ N=30, M=90, T=4, v_basis=1a, W=2, explore=1, bootstrap=0 }"
"new-kla, Monte Carlo, explore, W=2",5.000000,1.145746,2.558677,"{ N=30, M=90, T=4, v_basis=1a, W=2, explore=1, bootstrap=0 }"
"new-kla, Monte Carlo, explore, W=2",5.000000,3.523526,2.519567,"{ N=30, M=90, T=4, v_basis=1a, W=2, explore=1, bootstrap=0 }"
"new-kla, Monte Carlo, explore, W=2",5.000000,1.912034,2.763888,"{ N=30, M=90, T=4, v_basis=1a, W=2, explore=1, bootstrap=0 }"
"new-kla, Monte Carlo, explore, W=2",5.000000,-0.212042,2.524748,"{ N=30, M=90, T=4, v_basis=1a, W=2, explore=1, bootstrap=0 }"
"new-kla, Monte Carlo, explore, W=2",6.000000,0.929163,3.341396,"{ N=30, M=90, T=4, v_basis=1a, W=2, explore=1, bootstrap=0 }"
"new-kla, Monte Carlo, explore, W=2",6.000000,3.897249,3.342016,"{ N=30, M=90, T=4, v_basis=1a, W=2, explore=1, bootstrap=0 }"
"new-kla, Monte Carlo, explore, W=2",6.000000,2.509401,3.539195,"{ N=30, M=90, T=4, v_basis=1a, W=2, explore=1, bootstrap=0 }"
"new-kla, Monte Carlo, explore, W=2",6.000000,-0.251078,3.217033,"{ N=30, M=90, T=4, v_basis=1a, W=2, explore=1, bootstrap=0 }"
"new-kla, Monte Carlo, explore, W=2",7.000000,1.560132,4.091755,"{ N=30, M=90, T=4, v_basis=1a, W=2, explore=1, bootstrap=0 }"
"new-kla, Monte Carlo, explore, W=2",7.000000,3.966901,4.204506,"{ N=30, M=90, T=4, v_basis=1a, W=2, explore=1, bootstrap=0 }"
"new-kla, Monte Carlo, explore, W=2",7.000000,2.851173,4.322670,"{ N=30, M=90, T=4, v_basis=1a, W=2, explore=1, bootstrap=0 }"
"new-kla, Monte Carlo, explore, W=2",7.000000,-0.110039,3.898474,"{ N=30, M=90, T=4, v_basis=1a, W=2, explore=1, bootstrap=0 }"
"new-kla, Monte Carlo, explore, W=2",8.000000,1.331899,4.899527,"{ N=30, M=90, T=4, v_basis=1a, W=2, explore=1, bootstrap=0 }"
"new-kla, Monte Carlo, explore, W=2",8.000000,3.143969,5.025240,"{ N=30, M=90, T=4, v_basis=1a, W=2, explore=1, bootstrap=0 }"
"new-kla, Monte Carlo, explore, W=2",8.000000,2.408777,5.207224,"{ N=30, M=90, T=4, v_basis=1a, W=2, explore=1, bootstrap=0 }"
"new-kla, Monte Carlo, explore, W=2",8.000000,-0.346933,4.585431,"{ N=30, M=90, T=4, v_basis=1a, W=2, explore=1, bootstrap=0 }"
"new-kla, Monte Carlo, explore, W=2",9.000000,1.215720,5.702671,"{ N=30, M=90, T=4, v_basis=1a, W=2, explore=1, bootstrap=0 }"
"new-kla, Monte Carlo, explore, W=2",9.000000,3.416500,5.844649,"{ N=30, M=90, T=4, v_basis=1a, W=2, explore=1, bootstrap=0 }"
"new-kla, Monte Carlo, explore, W=2",9.000000,2.350551,6.140921,"{ N=30, M=90, T=4, v_basis=1a, W=2, explore=1, bootstrap=0 }"
"new-kla, Monte Carlo, explore, W=2",9.000000,-0.330368,5.267650,"{ N=30, M=90, T=4, v_basis=1a, W=2, explore=1, bootstrap=0 }"
"new-kla, Monte Carlo, explore, W=2",10.000000,1.001266,6.539776,"{ N=30, M=90, T=4, v_basis=1a, W=2, explore=1, bootstrap=0 }"
"new-kla, Monte Carlo, explore, W=2",10.000000,3.594763,6.710683,"{ N=30, M=90, T=4, v_basis=1a, W=2, explore=1, bootstrap=0 }"
"new-kla, Monte Carlo, explore, W=2",10.000000,2.571207,7.033000,"{ N=30, M=90, T=4, v_basis=1a, W=2, explore=1, bootstrap=0 }"
"new-kla, Monte Carlo, explore, W=2",10.000000,-0.221994,6.023752,"{ N=30, M=90, T=4, v_basis=1a, W=2, explore=1, bootstrap=0 }"
"new-kla, Monte Carlo, explore, W=2",11.000000,0.891985,7.415394,"{ N=30, M=90, T=4, v_basis=1a, W=2, explore=1, bootstrap=0 }"
"new-kla, Monte Carlo, explore, W=2",11.000000,3.914333,7.605825,"{ N=30, M=90, T=4, v_basis=1a, W=2, explore=1, bootstrap=0 }"
"new-kla, Monte Carlo, explore, W=2",11.000000,3.169143,7.935870,"{ N=30, M=90, T=4, v_basis=1a, W=2, explore=1, bootstrap=0 }"
"new-kla, Monte Carlo, explore, W=2",11.000000,-0.236016,6.716164,"{ N=30, M=90, T=4, v_basis=1a, W=2, explore=1, bootstrap=0 }"
"new-kla, Monte Carlo, explore, W=2",12.000000,1.405219,8.250059,"{ N=30, M=90, T=4, v_basis=1a, W=2, explore=1, bootstrap=0 }"
"new-kla, Monte Carlo, explore, W=2",12.000000,3.569299,8.501542,"{ N=30, M=90, T=4, v_basis=1a, W=2, explore=1, bootstrap=0 }"
"new-kla, Monte Carlo, explore, W=2",12.000000,1.921876,8.819207,"{ N=30, M=90, T=4, v_basis=1a, W=2, explore=1, bootstrap=0 }"
"new-kla, Monte Carlo, explore, W=2",12.000000,-0.317700,7.400255,"{ N=30, M=90, T=4, v_basis=1a, W=2, explore=1, bootstrap=0 }"
"new-kla, Monte Carlo, explore, W=2",13.000000,1.429539,9.201222,"{ N=30, M=90, T=4, v_basis=1a, W=2, explore=1, bootstrap=0 }"
"new-kla, Monte Carlo, explore, W=2",13.000000,3.295262,9.557170,"{ N=30, M=90, T=4, v_basis=1a, W=2, explore=1, bootstrap=0 }"
"new-kla, Monte Carlo, explore, W=2",13.000000,2.603165,9.785238,"{ N=30, M=90, T=4, v_basis=1a, W=2, explore=1, bootstrap=0 }"
"new-kla, Monte Carlo, explore, W=2",13.000000,-0.272217,8.143737,"{ N=30, M=90, T=4, v_basis=1a, W=2, explore=1, bootstrap=0 }"
"new-kla, Monte Carlo, explore, W=2",14.000000,1.206700,10.185110,"{ N=30, M=90, T=4, v_basis=1a, W=2, explore=1, bootstrap=0 }"
"new-kla, Monte Carlo, explore, W=2",14.000000,4.081356,10.510461,"{ N=30, M=90, T=4, v_basis=1a, W=2, explore=1, bootstrap=0 }"
"new-kla, Monte Carlo, explore, W=2",14.000000,2.909655,10.863252,"{ N=30, M=90, T=4, v_basis=1a, W=2, explore=1, bootstrap=0 }"
"new-kla, Monte Carlo, explore, W=2",14.000000,-0.053631,8.834064,"{ N=30, M=90, T=4, v_basis=1a, W=2, explore=1, bootstrap=0 }"
"new-kla, Monte Carlo, explore, W=2",15.000000,1.424867,11.191326,"{ N=30, M=90, T=4, v_basis=1a, W=2, explore=1, bootstrap=0 }"
"new-kla, Monte Carlo, explore, W=2",15.000000,3.492141,11.523401,"{ N=30, M=90, T=4, v_basis=1a, W=2, explore=1, bootstrap=0 }"
"new-kla, Monte Carlo, explore, W=2",15.000000,2.576174,11.893274,"{ N=30, M=90, T=4, v_basis=1a, W=2, explore=1, bootstrap=0 }"
"new-kla, Monte Carlo, explore, W=2",15.000000,-0.270875,9.563650,"{ N=30, M=90, T=4, v_basis=1a, W=2, explore=1, bootstrap=0 }"
"new-kla, Monte Carlo, explore, W=2",16.000000,1.372667,12.107043,"{ N=30, M=90, T=4, v_basis=1a, W=2, explore=1, bootstrap=0 }"
"new-kla, Monte Carlo, explore, W=2",16.000000,4.096145,12.594853,"{ N=30, M=90, T=4, v_basis=1a, W=2, explore=1, bootstrap=0 }"
"new-kla, Monte Carlo, explore, W=2",16.000000,3.325345,12.936222,"{ N=30, M=90, T=4, v_basis=1a, W=2, explore=1, bootstrap=0 }"
"new-kla, Monte Carlo, explore, W=2",16.000000,-0.078931,10.251025,"{ N=30, M=90, T=4, v_basis=1a, W=2, explore=1, bootstrap=0 }"
"new-kla, Monte Carlo, explore, W=2",17.000000,1.328563,13.124211,"{ N=30, M=90, T=4, v_basis=1a, W=2, explore=1, bootstrap=0 }"
"new-kla, Monte Carlo, explore, W=2",17.000000,3.772216,13.629468,"{ N=30, M=90, T=4, v_basis=1a, W=2, explore=1, bootstrap=0 }"
"new-kla, Monte Carlo, explore, W=2",17.000000,2.637729,14.070699,"{ N=30, M=90, T=4, v_basis=1a, W=2, explore=1, bootstrap=0 }"
"new-kla, Monte Carlo, explore, W=2",17.000000,-0.227266,10.962642,"{ N=30, M=90, T=4, v_basis=1a, W=2, explore=1, bootstrap=0 }"
"new-kla, Monte Carlo, explore, W=2",18.000000,1.575610,14.128773,"{ N=30, M=90, T=4, v_basis=1a, W=2, explore=1, bootstrap=0 }"
"new-kla, Monte Carlo, explore, W=2",18.000000,3.892600,14.648342,"{ N=30, M=90, T=4, v_basis=1a, W=2, explore=1, bootstrap=0 }"
"new-kla, Monte Carlo, explore, W=2",18.000000,2.467453,15.050169,"{ N=30, M=90, T=4, v_basis=1a, W=2, explore=1, bootstrap=0 }"
"new-kla, Monte Carlo, explore, W=2",18.000000,-0.108300,11.749322,"{ N=30, M=90, T=4, v_basis=1a, W=2, explore=1, bootstrap=0 }"
"new-kla, Monte Carlo, explore, W=2",19.000000,1.567591,15.124550,"{ N=30, M=90, T=4, v_basis=1a, W=2, explore=1, bootstrap=0 }"
"new-kla, Monte Carlo, explore, W=2",19.000000,3.993312,15.639477,"{ N=30, M=90, T=4, v_basis=1a, W=2, explore=1, bootstrap=0 }"
"new-kla, Monte Carlo, explore, W=2",19.000000,2.678477,16.102415,"{ N=30, M=90, T=4, v_basis=1a, W=2, explore=1, bootstrap=0 }"
"new-kla, Monte Carlo, explore, W=2",19.000000,-0.156429,12.406849,"{ N=30, M=90, T=4, v_basis=1a, W=2, explore=1, bootstrap=0 }"
"new-kla, Monte Carlo, explore, W=2",20.000000,1.541640,16.235478,"{ N=30, M=90, T=4, v_basis=1a, W=2, explore=1, bootstrap=0 }"
"new-kla, Monte Carlo, explore, W=2",20.000000,4.086776,16.701373,"{ N=30, M=90, T=4, v_basis=1a, W=2, explore=1, bootstrap=0 }"
"new-kla, Monte Carlo, explore, W=2",20.000000,3.144535,17.228188,"{ N=30, M=90, T=4, v_basis=1a, W=2, explore=1, bootstrap=0 }"
"new-kla, Monte Carlo, explore, W=2",20.000000,-0.256728,13.080185,"{ N=30, M=90, T=4, v_basis=1a, W=2, explore=1, bootstrap=0 }"
"new-kla, Monte Carlo, explore, W=2",21.000000,1.835899,17.372572,"{ N=30, M=90, T=4, v_basis=1a, W=2, explore=1, bootstrap=0 }"
"new-kla, Monte Carlo, explore, W=2",21.000000,3.450699,17.856621,"{ N=30, M=90, T=4, v_basis=1a, W=2, explore=1, bootstrap=0 }"
"new-kla, Monte Carlo, explore, W=2",21.000000,2.987560,18.328637,"{ N=30, M=90, T=4, v_basis=1a, W=2, explore=1, bootstrap=0 }"
"new-kla, Monte Carlo, explore, W=2",21.000000,-0.282307,13.837710,"{ N=30, M=90, T=4, v_basis=1a, W=2, explore=1, bootstrap=0 }"
"new-kla, Monte Carlo, explore, W=2",22.000000,1.579986,18.479371,"{ N=30, M=90, T=4, v_basis=1a, W=2, explore=1, bootstrap=0 }"
"new-kla, Monte Carlo, explore, W=2",22.000000,3.883983,19.042724,"{ N=30, M=90, T=4, v_basis=1a, W=2, explore=1, bootstrap=0 }"
"new-kla, Monte Carlo, explore, W=2",22.000000,2.893236,19.420237,"{ N=30, M=90, T=4, v_basis=1a, W=2, explore=1, bootstrap=0 }"
"new-kla, Monte Carlo, explore, W=2",22.000000,-0.359204,14.442283,"{ N=30, M=90, T=4, v_basis=1a, W=2, explore=1, bootstrap=0 }"
"new-kla, Monte Carlo, explore, W=2",23.000000,1.537048,19.550358,"{ N=30, M=90, T=4, v_basis=1a, W=2, explore=1, bootstrap=0 }"
"new-kla, Monte Carlo, explore, W=2",23.000000,3.884709,20.159147,"{ N=30, M=90, T=4, v_basis=1a, W=2, explore=1, bootstrap=0 }"
"new-kla, Monte Carlo, explore, W=2",23.000000,2.407463,20.637127,"{ N=30, M=90, T=4, v_basis=1a, W=2, explore=1, bootstrap=0 }"
"new-kla, Monte Carlo, explore, W=2",23.000000,-0.084470,15.131856,"{ N=30, M=90, T=4, v_basis=1a, W=2, explore=1, bootstrap=0 }"
"new-kla, Monte Carlo, explore, W=2",24.000000,1.776090,20.654238,"{ N=30, M=90, T=4, v_basis=1a, W=2, explore=1, bootstrap=0 }"
"new-kla, Monte Carlo, explore, W=2",24.000000,3.117735,21.370117,"{ N=30, M=90, T=4, v_basis=1a, W=2, explore=1, bootstrap=0 }"
"new-kla, Monte Carlo, explore, W=2",24.000000,2.868868,21.852522,"{ N=30, M=90, T=4, v_basis=1a, W=2, explore=1, bootstrap=0 }"
"new-kla, Monte Carlo, explore, W=2",24.000000,-0.135728,15.856031,"{ N=30, M=90, T=4, v_basis=1a, W=2, explore=1, bootstrap=0 }"
"new-kla, Monte Carlo, explore, W=2",25.000000,1.311734,21.823652,"{ N=30, M=90, T=4, v_basis=1a, W=2, explore=1, bootstrap=0 }"
"new-kla, Monte Carlo, explore, W=2",25.000000,4.226030,22.570451,"{ N=30, M=90, T=4, v_basis=1a, W=2, explore=1, bootstrap=0 }"
"new-kla, Monte Carlo, explore, W=2",25.000000,3.011636,23.001824,"{ N=30, M=90, T=4, v_basis=1a, W=2, explore=1, bootstrap=0 }"
"new-kla, Monte Carlo, explore, W=2",25.000000,-0.169433,16.647983,"{ N=30, M=90, T=4, v_basis=1a, W=2, explore=1, bootstrap=0 }"
"new-kla, Monte Carlo, explore, W=2",26.000000,1.608816,22.954200,"{ N=30, M=90, T=4, v_basis=1a, W=2, explore=1, bootstrap=0 }"
"new-kla, Monte Carlo, explore, W=2",26.000000,3.160789,23.802872,"{ N=30, M=90, T=4, v_basis=1a, W=2, explore=1, bootstrap=0 }"
"new-kla, Monte Carlo, explore, W=2",26.000000,2.508112,24.250381,"{ N=30, M=90, T=4, v_basis=1a, W=2, explore=1, bootstrap=0 }"
"new-kla, Monte Carlo, explore, W=2",26.000000,-0.237012,17.372427,"{ N=30, M=90, T=4, v_basis=1a, W=2, explore=1, bootstrap=0 }"
"new-kla, Monte Carlo, explore, W=2",27.000000,1.357661,24.143035,"{ N=30, M=90, T=4, v_basis=1a, W=2, explore=1, bootstrap=0 }"
"new-kla, Monte Carlo, explore, W=2",27.000000,3.866791,25.124525,"{ N=30, M=90, T=4, v_basis=1a, W=2, explore=1, bootstrap=0 }"
"new-kla, Monte Carlo, explore, W=2",27.000000,2.425442,25.352527,"{ N=30, M=90, T=4, v_basis=1a, W=2, explore=1, bootstrap=0 }"
"new-kla, Monte Carlo, explore, W=2",27.000000,-0.263460,18.014119,"{ N=30, M=90, T=4, v_basis=1a, W=2, explore=1, bootstrap=0 }"
"new-kla, Monte Carlo, explore, W=2",28.000000,1.923725,25.374132,"{ N=30, M=90, T=4, v_basis=1a, W=2, explore=1, bootstrap=0 }"
"new-kla, Monte Carlo, explore, W=2",28.000000,3.715287,26.320633,"{ N=30, M=90, T=4, v_basis=1a, W=2, explore=1, bootstrap=0 }"
"new-kla, Monte Carlo, explore, W=2",28.000000,2.665629,26.572278,"{ N=30, M=90, T=4, v_basis=1a, W=2, explore=1, bootstrap=0 }"
"new-kla, Monte Carlo, explore, W=2",28.000000,-0.137380,18.752991,"{ N=30, M=90, T=4, v_basis=1a, W=2, explore=1, bootstrap=0 }"
"new-kla, Monte Carlo, explore, W=2",29.000000,1.306227,26.547109,"{ N=30, M=90, T=4, v_basis=1a, W=2, explore=1, bootstrap=0 }"
"new-kla, Monte Carlo, explore, W=2",29.000000,3.988185,27.469666,"{ N=30, M=90, T=4, v_basis=1a, W=2, explore=1, bootstrap=0 }"
"new-kla, Monte Carlo, explore, W=2",29.000000,2.672536,27.723776,"{ N=30, M=90, T=4, v_basis=1a, W=2, explore=1, bootstrap=0 }"
"new-kla, Monte Carlo, explore, W=2",29.000000,-0.067326,19.520064,"{ N=30, M=90, T=4, v_basis=1a, W=2, explore=1, bootstrap=0 }"
"new-kla, Monte Carlo, explore, W=2",30.000000,1.632526,27.701329,"{ N=30, M=90, T=4, v_basis=1a, W=2, explore=1, bootstrap=0 }"
"new-kla, Monte Carlo, explore, W=2",30.000000,3.847085,28.679399,"{ N=30, M=90, T=4, v_basis=1a, W=2, explore=1, bootstrap=0 }"
"new-kla, Monte Carlo, explore, W=2",30.000000,2.905352,28.946989,"{ N=30, M=90, T=4, v_basis=1a, W=2, explore=1, bootstrap=0 }"
"new-kla, Monte Carlo, explore, W=2",30.000000,-0.109467,20.287089,"{ N=30, M=90, T=4, v_basis=1a, W=2, explore=1, bootstrap=0 }"
"new-kla, Monte Carlo, explore, W=2",1.000000,0.229338,0.000000,"{ N=30, M=90, T=4, v_basis=1a, W=2, explore=1, bootstrap=0 }"
"new-kla, Monte Carlo, explore, W=2",1.000000,-0.244643,0.000000,"{ N=30, M=90, T=4, v_basis=1a, W=2, explore=1, bootstrap=0 }"
"new-kla, Monte Carlo, explore, W=2",1.000000,0.481995,0.000000,"{ N=30, M=90, T=4, v_basis=1a, W=2, explore=1, bootstrap=0 }"
"new-kla, Monte Carlo, explore, W=2",1.000000,-0.095898,0.000000,"{ N=30, M=90, T=4, v_basis=1a, W=2, explore=1, bootstrap=0 }"
